"DT_GERACAO";"HH_GERACAO";"ANO_ELEICAO";"CD_TIPO_ELEICAO";"NM_TIPO_ELEICAO";"CD_ELEICAO";"DS_ELEICAO";"DT_ELEICAO";"SG_UF";"SG_UE";"NM_UE";"SQ_CANDIDATO";"NR_ORDEM_BEM_CANDIDATO";"CD_TIPO_BEM_CANDIDATO";"DS_TIPO_BEM_CANDIDATO";"DS_BEM_CANDIDATO";"VR_BEM_CANDIDATO";"DT_ULT_ATUAL_BEM_CANDIDATO";"HH_ULT_ATUAL_BEM_CANDIDATO"
"01/08/2026";"19:30:07";2026;2;"Eleição Ordinária";6259;"Eleições Gerais Estaduais 2026";"04/10/2026";"AP";"AP";"AMAPÁ";30002530014;3;39;"Outras participações societárias";"20% DO INSTITUTO DE TERAPIA INTENSIVA DO AMAPA LTDA";"15000,00";"28/07/2026";"15:57:28"
"01/08/2026";"19:30:07";2026;2;"Eleição Ordinária";6259;"Eleições Gerais Estaduais 2026";"04/10/2026";"AP";"AP";"AMAPÁ";30002530014;2;12;"Casa";"IMOVEL RESIDENCIAL EM MACAPÁ";"180250,00";"28/07/2026";"15:57:28"
"01/08/2026";"19:30:07";2026;2;"Eleição Ordinária";6259;"Eleições Gerais Estaduais 2026";"04/10/2026";"AP";"AP";"AMAPÁ";30002530014;1;16;"Construção";"CONTRUCAO EM IMOVEL URBANO";"43214,77";"28/07/2026";"15:57:28"
"01/08/2026";"19:30:07";2026;2;"Eleição Ordinária";6259;"Eleições Gerais Estaduais 2026";"04/10/2026";"AP";"AP";"AMAPÁ";30002530014;4;39;"Outras participações societárias";"CAPITAL DA EMPRESA INSTITUTO DE MEDICINA DO CORACAO LTDA.";"100000,00";"28/07/2026";"15:57:28"
"01/08/2026";"19:30:07";2026;2;"Eleição Ordinária";6259;"Eleições Gerais Estaduais 2026";"04/10/2026";"AP";"AP";"AMAPÁ";30002530014;5;1;"Prédio residencial";"APTO RESIDENCIAL";"530000,00";"28/07/2026";"15:57:28"
"01/08/2026";"19:30:07";2026;2;"Eleição Ordinária";6259;"Eleições Gerais Estaduais 2026";"04/10/2026";"AP";"AP";"AMAPÁ";30002530014;6;12;"Casa";"IMOVEL RESIDENCIAL EM MACAPÁ";"300000,00";"28/07/2026";"15:57:28"
"01/08/2026";"19:30:07";2026;2;"Eleição Ordinária";6259;"Eleições Gerais Estaduais 2026";"04/10/2026";"AP";"AP";"AMAPÁ";30002530019;1;12;"Casa";"CASA";"350000,00";"28/07/2026";"15:57:28"
"01/08/2026";"19:30:07";2026;2;"Eleição Ordinária";6259;"Eleições Gerais Estaduais 2026";"04/10/2026";"AP";"AP";"AMAPÁ";30002530021;1;12;"Casa";"CASA";"1200000,00";"30/07/2026";"18:24:49"
"01/08/2026";"19:30:07";2026;2;"Eleição Ordinária";6259;"Eleições Gerais Estaduais 2026";"04/10/2026";"AP";"AP";"AMAPÁ";30002530018;1;2;"Prédio comercial";"PRÉDIO COMERCIAL";"800000,00";"28/07/2026";"15:57:28"
"01/08/2026";"19:30:07";2026;2;"Eleição Ordinária";6259;"Eleições Gerais Estaduais 2026";"04/10/2026";"AP";"AP";"AMAPÁ";30002530068;1;19;"Outros bens imóveis";"LOTE URBANO";"500000,00";"28/07/2026";"15:57:28"
"01/08/2026";"19:30:07";2026;2;"Eleição Ordinária";6259;"Eleições Gerais Estaduais 2026";"04/10/2026";"AP";"AP";"AMAPÁ";30002530068;2;39;"Outras participações societárias";"PARTICIPAÇÃO SOCIETARIA DE 75% DO CAPITAL SOCIAL DA EMPRESA KATARINA INDUSTRIA E COMERCIO LTDA";"375000,00";"28/07/2026";"15:57:28"
"01/08/2026";"19:30:07";2026;2;"Eleição Ordinária";6259;"Eleições Gerais Estaduais 2026";"04/10/2026";"AP";"AP";"AMAPÁ";30002530068;3;12;"Casa";"CASA RESIENCIAL";"111105,68";"28/07/2026";"15:57:28"
"01/08/2026";"19:30:07";2026;2;"Eleição Ordinária";6259;"Eleições Gerais Estaduais 2026";"04/10/2026";"AP";"AP";"AMAPÁ";30002530068;6;19;"Outros bens imóveis";"LOTE URBANO";"250000,00";"28/07/2026";"15:57:28"
"01/08/2026";"19:30:07";2026;2;"Eleição Ordinária";6259;"Eleições Gerais Estaduais 2026";"04/10/2026";"AP";"AP";"AMAPÁ";30002530068;5;13;"Terreno";"TERRENO URBANO";"60000,00";"28/07/2026";"15:57:28"
"01/08/2026";"19:30:07";2026;2;"Eleição Ordinária";6259;"Eleições Gerais Estaduais 2026";"04/10/2026";"AP";"AP";"AMAPÁ";30002530068;4;39;"Outras participações societárias";"PARTICIPAÇÃO DE 98% NA EMPRESA COMERCIAL NORTE";"1470000,00";"28/07/2026";"15:57:28"
"01/08/2026";"19:30:07";2026;2;"Eleição Ordinária";6259;"Eleições Gerais Estaduais 2026";"04/10/2026";"AP";"AP";"AMAPÁ";30002530068;7;19;"Outros bens imóveis";"IMOVEL RESIDENCIAL";"800000,00";"28/07/2026";"15:57:28"
"01/08/2026";"19:30:07";2026;2;"Eleição Ordinária";6259;"Eleições Gerais Estaduais 2026";"04/10/2026";"AP";"AP";"AMAPÁ";30002530068;8;19;"Outros bens imóveis";"LOTE URBANO";"800000,00";"28/07/2026";"15:57:28"
"01/08/2026";"19:30:07";2026;2;"Eleição Ordinária";6259;"Eleições Gerais Estaduais 2026";"04/10/2026";"AP";"AP";"AMAPÁ";30002530068;9;12;"Casa";"CASA RESIDENCIAL";"75000,00";"28/07/2026";"15:57:28"
"01/08/2026";"19:30:07";2026;2;"Eleição Ordinária";6259;"Eleições Gerais Estaduais 2026";"04/10/2026";"AP";"AP";"AMAPÁ";30002530070;2;39;"Outras participações societárias";"CAPITAL INTEGRALIZADO NA EMPRESA ALBUQUERQUE ASSOCIADOS S S EPP 97%";"97000,00";"28/07/2026";"15:57:28"
"01/08/2026";"19:30:07";2026;2;"Eleição Ordinária";6259;"Eleições Gerais Estaduais 2026";"04/10/2026";"AP";"AP";"AMAPÁ";30002530070;3;39;"Outras participações societárias";"CAPITAL INTEGRALIZADO NA EMPRESA LABORATORIO DR PAULO ALBUQUERQUE MEDICINA LABORATORIAL S/S LTDA";"340000,00";"28/07/2026";"15:57:28"
"01/08/2026";"19:30:07";2026;2;"Eleição Ordinária";6259;"Eleições Gerais Estaduais 2026";"04/10/2026";"AP";"AP";"AMAPÁ";30002530070;1;21;"Veículo automotor terrestre: caminhão, automóvel, moto, etc.";"AQUISICAO DE UM VEICULO I/VW JETTA GLI CINCO PORTAS , PLACA RYC8G40 ANO/MODELO 2022/2023, NA COR BRANCO";"226990,00";"28/07/2026";"15:57:28"
"01/08/2026";"19:30:07";2026;2;"Eleição Ordinária";6259;"Eleições Gerais Estaduais 2026";"04/10/2026";"AP";"AP";"AMAPÁ";30002530071;1;19;"Outros bens imóveis";"06 LOTES DE TERRA N S";"480000,00";"28/07/2026";"15:57:28"
"01/08/2026";"19:30:07";2026;2;"Eleição Ordinária";6259;"Eleições Gerais Estaduais 2026";"04/10/2026";"AP";"AP";"AMAPÁ";30002530071;2;39;"Outras participações societárias";"PARTICIPACAO DE 50% NO CAPITAL SOCIAL DA NEUROCOR";"25000,00";"28/07/2026";"15:57:28"
"01/08/2026";"19:30:07";2026;2;"Eleição Ordinária";6259;"Eleições Gerais Estaduais 2026";"04/10/2026";"AP";"AP";"AMAPÁ";30002530070;4;21;"Veículo automotor terrestre: caminhão, automóvel, moto, etc.";"AQUISICAO DE UM VEICULO FORD RANGER XLTC 3.0 4X4 CD DIESEL MARCA FORD , CINCO PORTAS , PLACA TGQ0A70 ANO/MODELO 2025/2026, NA COR CINZA MOSCOU";"257990,00";"28/07/2026";"15:57:28"
"01/08/2026";"19:30:07";2026;2;"Eleição Ordinária";6259;"Eleições Gerais Estaduais 2026";"04/10/2026";"AP";"AP";"AMAPÁ";30002530071;3;19;"Outros bens imóveis";"IMOVEL URBANO";"500000,00";"28/07/2026";"15:57:28"
"01/08/2026";"19:30:07";2026;2;"Eleição Ordinária";6259;"Eleições Gerais Estaduais 2026";"04/10/2026";"AP";"AP";"AMAPÁ";30002530072;1;19;"Outros bens imóveis";"50% DE LOTE URBANO";"720000,00";"28/07/2026";"15:57:28"
"01/08/2026";"19:30:07";2026;2;"Eleição Ordinária";6259;"Eleições Gerais Estaduais 2026";"04/10/2026";"AP";"AP";"AMAPÁ";30002530071;4;21;"Veículo automotor terrestre: caminhão, automóvel, moto, etc.";"TOYOTA SW4 FFV 4X2 SRV AT 7S 20/20";"175070,10";"28/07/2026";"15:57:28"
"01/08/2026";"19:30:07";2026;2;"Eleição Ordinária";6259;"Eleições Gerais Estaduais 2026";"04/10/2026";"AP";"AP";"AMAPÁ";30002530072;3;19;"Outros bens imóveis";"IMOVEL RESIDENCIAL";"350000,00";"28/07/2026";"15:57:28"
"01/08/2026";"19:30:07";2026;2;"Eleição Ordinária";6259;"Eleições Gerais Estaduais 2026";"04/10/2026";"AP";"AP";"AMAPÁ";30002530072;2;13;"Terreno";"TERRENO";"60000,00";"28/07/2026";"15:57:28"
"01/08/2026";"19:30:07";2026;2;"Eleição Ordinária";6259;"Eleições Gerais Estaduais 2026";"04/10/2026";"AP";"AP";"AMAPÁ";30002530072;4;19;"Outros bens imóveis";"50% DE LOTES AGRÍCOLAS";"632508,83";"28/07/2026";"15:57:28"
"01/08/2026";"19:30:07";2026;2;"Eleição Ordinária";6259;"Eleições Gerais Estaduais 2026";"04/10/2026";"AP";"AP";"AMAPÁ";30002530072;6;19;"Outros bens imóveis";"50% DE LOTE URBANO";"118500,00";"28/07/2026";"15:57:28"
"01/08/2026";"19:30:07";2026;2;"Eleição Ordinária";6259;"Eleições Gerais Estaduais 2026";"04/10/2026";"AP";"AP";"AMAPÁ";30002530072;5;19;"Outros bens imóveis";"50% DE LOTES AGRICOLAS";"632508,83";"28/07/2026";"15:57:28"
"01/08/2026";"19:30:07";2026;2;"Eleição Ordinária";6259;"Eleições Gerais Estaduais 2026";"04/10/2026";"AP";"AP";"AMAPÁ";30002530072;7;19;"Outros bens imóveis";"50% DE LOTES AGRÍCOLAS";"632508,83";"28/07/2026";"15:57:28"
"01/08/2026";"19:30:07";2026;2;"Eleição Ordinária";6259;"Eleições Gerais Estaduais 2026";"04/10/2026";"AP";"AP";"AMAPÁ";30002530072;9;19;"Outros bens imóveis";"50% DE LOTE URBANO";"184140,00";"28/07/2026";"15:57:28"
"01/08/2026";"19:30:07";2026;2;"Eleição Ordinária";6259;"Eleições Gerais Estaduais 2026";"04/10/2026";"AP";"AP";"AMAPÁ";30002530072;10;19;"Outros bens imóveis";"50% DE LOTES DE TERRAS AGRICOLAS";"1037314,35";"28/07/2026";"15:57:28"
"01/08/2026";"19:30:07";2026;2;"Eleição Ordinária";6259;"Eleições Gerais Estaduais 2026";"04/10/2026";"AP";"AP";"AMAPÁ";30002530072;8;39;"Outras participações societárias";"100% DAS QUOTAS DA EMPRESA INSTITUTO GOVERNANCE";"50000,00";"28/07/2026";"15:57:28"
"01/08/2026";"19:30:07";2026;2;"Eleição Ordinária";6259;"Eleições Gerais Estaduais 2026";"04/10/2026";"AP";"AP";"AMAPÁ";30002530072;11;19;"Outros bens imóveis";"50% DE LOTES AGRÍCOLAS";"2725000,00";"28/07/2026";"15:57:28"
"01/08/2026";"19:30:07";2026;2;"Eleição Ordinária";6259;"Eleições Gerais Estaduais 2026";"04/10/2026";"AP";"AP";"AMAPÁ";30002530072;12;39;"Outras participações societárias";"100% DAS QUOTAS DA EMPRESA JFN COMERCIO DE VEICULOS E INTERMEDIACAO DE NEGOCIOS LTDA";"550000,00";"28/07/2026";"15:57:28"
"01/08/2026";"19:30:07";2026;2;"Eleição Ordinária";6259;"Eleições Gerais Estaduais 2026";"04/10/2026";"AP";"AP";"AMAPÁ";30002530074;1;21;"Veículo automotor terrestre: caminhão, automóvel, moto, etc.";"VEÍCULO AUTOMOTOR TERRESTRE: CAMINHÃO, AUTOMÓVEL, MOTO, ETC.";"180000,00";"28/07/2026";"15:57:28"
"01/08/2026";"19:30:07";2026;2;"Eleição Ordinária";6259;"Eleições Gerais Estaduais 2026";"04/10/2026";"AP";"AP";"AMAPÁ";30002530077;1;13;"Terreno";"TERRENO";"70000,00";"28/07/2026";"15:57:28"
"01/08/2026";"19:30:07";2026;2;"Eleição Ordinária";6259;"Eleições Gerais Estaduais 2026";"04/10/2026";"AP";"AP";"AMAPÁ";30002530082;1;13;"Terreno";"TERRENO";"75000,00";"28/07/2026";"15:57:28"
"01/08/2026";"19:30:07";2026;2;"Eleição Ordinária";6259;"Eleições Gerais Estaduais 2026";"04/10/2026";"AP";"AP";"AMAPÁ";30002530074;2;45;"Aplicação de renda fixa (CDB, RDB e outros)";"APLICAÇÃO DE RENDA FIXA (CDB, RDB E OUTROS)";"25544,00";"28/07/2026";"15:57:28"
"01/08/2026";"19:30:07";2026;2;"Eleição Ordinária";6259;"Eleições Gerais Estaduais 2026";"04/10/2026";"AP";"AP";"AMAPÁ";30002530082;2;13;"Terreno";"TERRENO";"75000,00";"28/07/2026";"15:57:28"
"01/08/2026";"19:30:07";2026;2;"Eleição Ordinária";6259;"Eleições Gerais Estaduais 2026";"04/10/2026";"AP";"AP";"AMAPÁ";30002530083;2;39;"Outras participações societárias";"OUTRAS PARTICIPAÇÕES SOCIETÁRIAS";"100000,00";"28/07/2026";"15:57:28"
"01/08/2026";"19:30:07";2026;2;"Eleição Ordinária";6259;"Eleições Gerais Estaduais 2026";"04/10/2026";"AP";"AP";"AMAPÁ";30002530083;1;21;"Veículo automotor terrestre: caminhão, automóvel, moto, etc.";"VEÍCULO AUTOMOTOR TERRESTRE: CAMINHÃO, AUTOMÓVEL, MOTO, ETC.";"80000,00";"28/07/2026";"15:57:28"
"01/08/2026";"19:30:07";2026;2;"Eleição Ordinária";6259;"Eleições Gerais Estaduais 2026";"04/10/2026";"AP";"AP";"AMAPÁ";30002530083;5;21;"Veículo automotor terrestre: caminhão, automóvel, moto, etc.";"VEÍCULO AUTOMOTOR TERRESTRE: CAMINHÃO, AUTOMÓVEL, MOTO, ETC.";"110000,00";"28/07/2026";"15:57:28"
"01/08/2026";"19:30:07";2026;2;"Eleição Ordinária";6259;"Eleições Gerais Estaduais 2026";"04/10/2026";"AP";"AP";"AMAPÁ";30002530083;3;15;"Sala ou conjunto";"SALA OU CONJUNTO";"100000,00";"28/07/2026";"15:57:28"
"01/08/2026";"19:30:07";2026;2;"Eleição Ordinária";6259;"Eleições Gerais Estaduais 2026";"04/10/2026";"AP";"AP";"AMAPÁ";30002530083;4;11;"Apartamento";"APARTAMENTO";"150000,00";"28/07/2026";"15:57:28"
"01/08/2026";"19:30:07";2026;2;"Eleição Ordinária";6259;"Eleições Gerais Estaduais 2026";"04/10/2026";"AP";"AP";"AMAPÁ";30002530083;6;39;"Outras participações societárias";"OUTRAS PARTICIPAÇÕES SOCIETÁRIAS";"50000,00";"28/07/2026";"15:57:28"
"01/08/2026";"19:30:07";2026;2;"Eleição Ordinária";6259;"Eleições Gerais Estaduais 2026";"04/10/2026";"AP";"AP";"AMAPÁ";30002530083;7;21;"Veículo automotor terrestre: caminhão, automóvel, moto, etc.";"VEÍCULO AUTOMOTOR TERRESTRE: CAMINHÃO, AUTOMÓVEL, MOTO, ETC.";"80000,00";"28/07/2026";"15:57:28"
"01/08/2026";"19:30:07";2026;2;"Eleição Ordinária";6259;"Eleições Gerais Estaduais 2026";"04/10/2026";"AP";"AP";"AMAPÁ";30002530083;8;2;"Prédio comercial";"PRÉDIO COMERCIAL";"200000,00";"28/07/2026";"15:57:28"
"01/08/2026";"19:30:07";2026;2;"Eleição Ordinária";6259;"Eleições Gerais Estaduais 2026";"04/10/2026";"AP";"AP";"AMAPÁ";30002530083;9;12;"Casa";"CASA";"300000,00";"28/07/2026";"15:57:28"
"01/08/2026";"19:30:07";2026;2;"Eleição Ordinária";6259;"Eleições Gerais Estaduais 2026";"04/10/2026";"AP";"AP";"AMAPÁ";30002530083;10;12;"Casa";"CASA";"150000,00";"28/07/2026";"15:57:28"
"01/08/2026";"19:30:07";2026;2;"Eleição Ordinária";6259;"Eleições Gerais Estaduais 2026";"04/10/2026";"AP";"AP";"AMAPÁ";30002530083;11;2;"Prédio comercial";"PRÉDIO COMERCIAL";"150000,00";"28/07/2026";"15:57:28"
"01/08/2026";"19:30:07";2026;2;"Eleição Ordinária";6259;"Eleições Gerais Estaduais 2026";"04/10/2026";"AP";"AP";"AMAPÁ";30002530085;2;12;"Casa";"CASA";"130000,00";"29/07/2026";"16:02:58"
"01/08/2026";"19:30:07";2026;2;"Eleição Ordinária";6259;"Eleições Gerais Estaduais 2026";"04/10/2026";"AP";"AP";"AMAPÁ";30002530085;1;21;"Veículo automotor terrestre: caminhão, automóvel, moto, etc.";"VEÍCULO AUTOMOTOR TERRESTRE: CAMINHÃO, AUTOMÓVEL, MOTO, ETC.";"85000,00";"29/07/2026";"16:02:58"
"01/08/2026";"19:30:07";2026;2;"Eleição Ordinária";6259;"Eleições Gerais Estaduais 2026";"04/10/2026";"AP";"AP";"AMAPÁ";30002530090;1;12;"Casa";"CASA";"45000,00";"28/07/2026";"15:57:28"
"01/08/2026";"19:30:07";2026;2;"Eleição Ordinária";6259;"Eleições Gerais Estaduais 2026";"04/10/2026";"AP";"AP";"AMAPÁ";30002530090;3;13;"Terreno";"TERRENO";"35000,00";"28/07/2026";"15:57:28"
"01/08/2026";"19:30:07";2026;2;"Eleição Ordinária";6259;"Eleições Gerais Estaduais 2026";"04/10/2026";"AP";"AP";"AMAPÁ";30002530090;2;21;"Veículo automotor terrestre: caminhão, automóvel, moto, etc.";"VEÍCULO AUTOMOTOR TERRESTRE: CAMINHÃO, AUTOMÓVEL, MOTO, ETC.";"46000,00";"28/07/2026";"15:57:28"
"01/08/2026";"19:30:07";2026;2;"Eleição Ordinária";6259;"Eleições Gerais Estaduais 2026";"04/10/2026";"AP";"AP";"AMAPÁ";30002530508;1;79;"Outros fundos";"BB RENDA FIXA REFERENCIADO DI PLUS AGIL FUNDO DE INVESTIMENTO EM COTAS DE FIF RESP LIMITADA - INFORMADO POR CNPJ 30.822.936/0001-69";"298718,86";"28/07/2026";"15:57:28"
"01/08/2026";"19:30:07";2026;2;"Eleição Ordinária";6259;"Eleições Gerais Estaduais 2026";"04/10/2026";"AP";"AP";"AMAPÁ";30002530508;3;41;"Caderneta de poupança";"POUPANCA OURO";"5506,99";"28/07/2026";"15:57:28"
"01/08/2026";"19:30:07";2026;2;"Eleição Ordinária";6259;"Eleições Gerais Estaduais 2026";"04/10/2026";"AP";"AP";"AMAPÁ";30002530508;4;1;"Prédio residencial";"IMOVEL RESIDENCIAL MEDINDO 346,00 M2 DE AREA CONSTRUIDA";"600000,00";"28/07/2026";"15:57:28"
"01/08/2026";"19:30:07";2026;2;"Eleição Ordinária";6259;"Eleições Gerais Estaduais 2026";"04/10/2026";"AP";"AP";"AMAPÁ";30002530508;2;99;"OUTROS BENS E DIREITOS";"INFORMADO POR CNPJ 00.000.000/0001-91";"5505,86";"28/07/2026";"15:57:28"
"01/08/2026";"19:30:07";2026;2;"Eleição Ordinária";6259;"Eleições Gerais Estaduais 2026";"04/10/2026";"AP";"AP";"AMAPÁ";30002530508;7;19;"Outros bens imóveis";"COMPRA E VENDA DE OUTROS - ADQUIRIDO DE CPF 904.845.502-25 E OUTROS EM 31/07/2024 - VALOR: R$ 495.000,00 - PARTICIPACAO: 50.00% - INFORMADO POR CNPJ 02.618.351/0001-96";"495000,00";"28/07/2026";"15:57:28"
"01/08/2026";"19:30:07";2026;2;"Eleição Ordinária";6259;"Eleições Gerais Estaduais 2026";"04/10/2026";"AP";"AP";"AMAPÁ";30002530508;6;1;"Prédio residencial";"IMOVEL RESIDENCIAL MEDINDO 118 M2 DE AREA CONSTRUIDA E TERRENO MEDINDO 360 M2.";"450000,00";"28/07/2026";"15:57:28"
"01/08/2026";"19:30:07";2026;2;"Eleição Ordinária";6259;"Eleições Gerais Estaduais 2026";"04/10/2026";"AP";"AP";"AMAPÁ";30002530508;5;99;"OUTROS BENS E DIREITOS";"INFORMADO POR CNPJ 00.000.000/0001-91";"28717,32";"28/07/2026";"15:57:28"
"01/08/2026";"19:30:07";2026;2;"Eleição Ordinária";6259;"Eleições Gerais Estaduais 2026";"04/10/2026";"AP";"AP";"AMAPÁ";30002530509;2;19;"Outros bens imóveis";"TITULAR EMPRESA D. K. LIMA DE ALMEIDA";"100000,00";"29/07/2026";"11:34:59"
"01/08/2026";"19:30:07";2026;2;"Eleição Ordinária";6259;"Eleições Gerais Estaduais 2026";"04/10/2026";"AP";"AP";"AMAPÁ";30002530509;3;19;"Outros bens imóveis";"TITULAR NA EMPRESA D K LIMA DE ALMEIDA";"200000,00";"29/07/2026";"11:34:59"
"01/08/2026";"19:30:07";2026;2;"Eleição Ordinária";6259;"Eleições Gerais Estaduais 2026";"04/10/2026";"AP";"AP";"AMAPÁ";30002530509;1;63;"Dinheiro em espécie - moeda nacional";"VALOR EM ESPECIE";"48000,00";"29/07/2026";"11:34:59"
"01/08/2026";"19:30:07";2026;2;"Eleição Ordinária";6259;"Eleições Gerais Estaduais 2026";"04/10/2026";"AP";"AP";"AMAPÁ";30002530512;2;19;"Outros bens imóveis";"IMÓVEL RESIDENCIAL, COM BENFEITORIAS REALIZADA AO LONGO DOS ANOS";"142683,20";"28/07/2026";"15:57:28"
"01/08/2026";"19:30:07";2026;2;"Eleição Ordinária";6259;"Eleições Gerais Estaduais 2026";"04/10/2026";"AP";"AP";"AMAPÁ";30002530512;3;13;"Terreno";"EM CONDOMÍNIO FECHADO";"65960,32";"28/07/2026";"15:57:28"
"01/08/2026";"19:30:07";2026;2;"Eleição Ordinária";6259;"Eleições Gerais Estaduais 2026";"04/10/2026";"AP";"AP";"AMAPÁ";30002530512;1;13;"Terreno";"SEM BENFEITORIA EM CONDOMÍNIO RESIDENCIAL";"73181,69";"28/07/2026";"15:57:28"
"01/08/2026";"19:30:07";2026;2;"Eleição Ordinária";6259;"Eleições Gerais Estaduais 2026";"04/10/2026";"AP";"AP";"AMAPÁ";30002530513;1;49;"Outras aplicações e Investimentos";"POUPEX";"0,10";"28/07/2026";"15:57:28"
"01/08/2026";"19:30:07";2026;2;"Eleição Ordinária";6259;"Eleições Gerais Estaduais 2026";"04/10/2026";"AP";"AP";"AMAPÁ";30002530513;2;21;"Veículo automotor terrestre: caminhão, automóvel, moto, etc.";"TOUOTA HILUX SWDMDA4MD COMPRADA EM 29 DE FEVEREIRO DE 2024. PAGAMENTO AVISTA.";"420000,00";"28/07/2026";"15:57:28"
"01/08/2026";"19:30:07";2026;2;"Eleição Ordinária";6259;"Eleições Gerais Estaduais 2026";"04/10/2026";"AP";"AP";"AMAPÁ";30002530513;3;99;"OUTROS BENS E DIREITOS";"CONTA ESTILO AGENCIA 5929-3 CONTA 12800-7";"33894,86";"28/07/2026";"15:57:28"
"01/08/2026";"19:30:07";2026;2;"Eleição Ordinária";6259;"Eleições Gerais Estaduais 2026";"04/10/2026";"AP";"AP";"AMAPÁ";30002530513;4;13;"Terreno";"TERRENO/FRACAO - ADQUIRIDO DE CPF 301.971.392-72 EM 10/05/2023 - VALOR: R$ 361.364,43 - PARTICIPACAO: 50.00% - INFORMADO POR CNPJ 18.210.936/0001-02";"451000,00";"28/07/2026";"15:57:28"
"01/08/2026";"19:30:07";2026;2;"Eleição Ordinária";6259;"Eleições Gerais Estaduais 2026";"04/10/2026";"AP";"AP";"AMAPÁ";30002530513;6;39;"Outras participações societárias";"100% PARTICIPACAO DO VINICIUS ARAUJO REIS NA EMPRESA VR RABELO CIRURGIA E BARIATRICA LTDA, CNP 26.361.846/0001-40";"1150000,00";"28/07/2026";"15:57:28"
"01/08/2026";"19:30:07";2026;2;"Eleição Ordinária";6259;"Eleições Gerais Estaduais 2026";"04/10/2026";"AP";"AP";"AMAPÁ";30002530513;5;21;"Veículo automotor terrestre: caminhão, automóvel, moto, etc.";"RAM3500 LIMIT LONGHORN05, COMBUSTIVEL DIESEL PLACA . VISTA COMPRA NF 16713 EM 15 DE FEVEREIRO DE 2024.";"506000,00";"28/07/2026";"15:57:28"
"01/08/2026";"19:30:07";2026;2;"Eleição Ordinária";6259;"Eleições Gerais Estaduais 2026";"04/10/2026";"AP";"AP";"AMAPÁ";30002530513;9;19;"Outros bens imóveis";"IMOVEL, TIPO RURAL, LOTE DE TERRA, SENDO, GLEBA MATAPI, SITIO SAO JOAO, A.R.T 0015013239200001604-AP, SEM SNCR, COM AREA DE 168,5917 (CENTO E SESSENTA E OITO HECTARES, CINQUENTA E NOVE ARES E DEZESSET";"200000,00";"28/07/2026";"15:57:28"
"01/08/2026";"19:30:07";2026;2;"Eleição Ordinária";6259;"Eleições Gerais Estaduais 2026";"04/10/2026";"AP";"AP";"AMAPÁ";30002530513;7;19;"Outros bens imóveis";"IMOVEL LOCALIZADO NO CONDOMINIO MANARI VILLAGE, SOBRE LOTE URBANO NO 37, QUADRA 04 MEDINDO 15 MTS DE FRENTE POR 46MTS DE FUNDO. NO VALOR DE R$ 1.500.00,00 PARCELADO EM 4 VEZES. BENFEITORIAS EM 2025, M";"3000000,00";"28/07/2026";"15:57:28"
"01/08/2026";"19:30:07";2026;2;"Eleição Ordinária";6259;"Eleições Gerais Estaduais 2026";"04/10/2026";"AP";"AP";"AMAPÁ";30002530513;8;99;"OUTROS BENS E DIREITOS";"VENDIDO EM 2023 VALOR DE R$ 320.000,00 ENTRADA R$12.000,00. PARCELADOS EM 36 VEZES PAGO EM 2025, R$ 80.00,00, RESTANTE PARA A QUITAÇÃO R$ 40.000,00 CPF 886.391.852-04";"320000,00";"28/07/2026";"15:57:28"
"01/08/2026";"19:30:07";2026;2;"Eleição Ordinária";6259;"Eleições Gerais Estaduais 2026";"04/10/2026";"AP";"AP";"AMAPÁ";30002530513;10;19;"Outros bens imóveis";"IMOVEL, TIPO RURAL, LOTES DE TERRAS, SENDO, LOTE N 19, GLEBA MATAPI I, SITIO SAO JORGE, TITULO N AP061400000016, SNCR N 0610421068266, COM AREA DE 29,5498 (VINTE E NOVE HECTARES, CINQUENTA E TRES ARE";"200000,00";"28/07/2026";"15:57:28"
"01/08/2026";"19:30:07";2026;2;"Eleição Ordinária";6259;"Eleições Gerais Estaduais 2026";"04/10/2026";"AP";"AP";"AMAPÁ";30002530513;11;97;"VGBL - Vida Gerador de Benefício Livre";"BRASILPREV VGBL";"33894,86";"28/07/2026";"15:57:28"
"01/08/2026";"19:30:07";2026;2;"Eleição Ordinária";6259;"Eleições Gerais Estaduais 2026";"04/10/2026";"AP";"AP";"AMAPÁ";30002530513;12;99;"OUTROS BENS E DIREITOS";"INFORMADO POR CNPJ 00.360.305/0001-04";"75281,93";"28/07/2026";"15:57:28"
"01/08/2026";"19:30:07";2026;2;"Eleição Ordinária";6259;"Eleições Gerais Estaduais 2026";"04/10/2026";"AP";"AP";"AMAPÁ";30002530513;13;19;"Outros bens imóveis";"LOTE URBANO SOB NO 01 QUADRA CONDOMINIO DE CHACARA LAGO AZUL.";"320000,00";"28/07/2026";"15:57:28"
"01/08/2026";"19:30:07";2026;2;"Eleição Ordinária";6259;"Eleições Gerais Estaduais 2026";"04/10/2026";"AP";"AP";"AMAPÁ";30002530513;14;13;"Terreno";"IMOVEL NAO RESIDENCIAL(TERRENO)BENFEITORIA , TERRERNO MURADO E ILUMINAÇÃO E TUBULAÇÃO DE AGUA.";"1100000,00";"28/07/2026";"15:57:28"
"01/08/2026";"19:30:07";2026;2;"Eleição Ordinária";6259;"Eleições Gerais Estaduais 2026";"04/10/2026";"AP";"AP";"AMAPÁ";30002530513;15;41;"Caderneta de poupança";"POUPANCA OURO";"213310,11";"28/07/2026";"15:57:28"
"01/08/2026";"19:30:07";2026;2;"Eleição Ordinária";6259;"Eleições Gerais Estaduais 2026";"04/10/2026";"AP";"AP";"AMAPÁ";30002530513;18;19;"Outros bens imóveis";"IMOVEL, TIPO RURAL, SENDO, LOTE DE TERRA NO 14, INSCRITO NO SNCR SOB NO 0620220076928, DENOMINADO SITIO AMAZONAS COM UMA AREA DE 29,9172 (VINTE E NOVE HECTARES. NOVENTA E UM ARES, SETENTA E DOIS HECTA";"200000,00";"28/07/2026";"15:57:28"
"01/08/2026";"19:30:07";2026;2;"Eleição Ordinária";6259;"Eleições Gerais Estaduais 2026";"04/10/2026";"AP";"AP";"AMAPÁ";30002530513;17;19;"Outros bens imóveis";"IMOVEL, AVENIDA MARIA QUITERIA, 1323, BURITIZAL, MACAPA, 300M²";"502000,00";"28/07/2026";"15:57:28"
"01/08/2026";"19:30:07";2026;2;"Eleição Ordinária";6259;"Eleições Gerais Estaduais 2026";"04/10/2026";"AP";"AP";"AMAPÁ";30002530513;16;19;"Outros bens imóveis";"IMOVEL, TIPO RURAL, LOTES DE TERRAS, SENDO, LOTE N 17, GLEBA MATAPI I, SITIO SAO JORGE, TITULO N AP061400000021, SNCR N 0620220070997, COM AREA DE 29,3765 (VINTE E NOVE HECTARES, TRINTA E SETE ARES E";"200000,00";"28/07/2026";"15:57:28"
"01/08/2026";"19:30:07";2026;2;"Eleição Ordinária";6259;"Eleições Gerais Estaduais 2026";"04/10/2026";"AP";"AP";"AMAPÁ";30002530513;19;19;"Outros bens imóveis";"CLINICA MEDICA COM 16 SALAS, 4 RECEPCOES, 10 BANHEIROS, UMA COPA, UMA CME. BEM FEITORIAS EM 2024, AQUISICAO DE PLACA SOLAR, REFORMA DE TELHADADO, PISO, PINTURA, AQUISICAO DE MOVEIS E APARELHOS.";"3500000,00";"28/07/2026";"15:57:28"
"01/08/2026";"19:30:07";2026;2;"Eleição Ordinária";6259;"Eleições Gerais Estaduais 2026";"04/10/2026";"AP";"AP";"AMAPÁ";30002530513;21;19;"Outros bens imóveis";"IMOVEL RURAL, LOTES DE TERRAS SENDO NO 24 GLEBA MATAPI I, RETIRO NOVA ESPERANCA TITULO NO AP 061400000019 SNRC NO 0620140201500. BENFEITORIA EM 2025 GALPÃO, CASA CASEIRO, CURRAL, CERCAS, CALAGEM E AÇU";"3000000,00";"28/07/2026";"15:57:28"
"01/08/2026";"19:30:07";2026;2;"Eleição Ordinária";6259;"Eleições Gerais Estaduais 2026";"04/10/2026";"AP";"AP";"AMAPÁ";30002530513;20;13;"Terreno";"TERRENO ADQUIRIDO, FEITO BALDRAME PARA CONSTRUCAO E EDIFICACAO";"800000,00";"28/07/2026";"15:57:28"
"01/08/2026";"19:30:07";2026;2;"Eleição Ordinária";6259;"Eleições Gerais Estaduais 2026";"04/10/2026";"AP";"AP";"AMAPÁ";30002530513;22;19;"Outros bens imóveis";"IMOVEL, TIPO RURAL, LOTES DE TERRAS, SENDO, LOTS N 21, GLEBA MATAPI I, SITIO SAO JORGE, TITULO N AP061400000014, SNCR N 0610421068600, COM AREA DE 29,2462 (VINTE E NOVE HECTARES, VINTE E QUATRO ARES E";"200000,00";"28/07/2026";"15:57:28"
"01/08/2026";"19:30:07";2026;2;"Eleição Ordinária";6259;"Eleições Gerais Estaduais 2026";"04/10/2026";"AP";"AP";"AMAPÁ";30002530513;23;19;"Outros bens imóveis";"IMOVEL, TIPO RURAL, SENDO, LOTE DE TERRA NO 14, INSCRITO NO SNCR SOB NO 0620220076928, DENOMINADO SITIO AMAZONAS COM UMA AREA DE 29,9172 (VINTE E NOVE HECTARES, NOVENTA E UM ARES, SETENTA E DOIS HECTA";"200000,00";"28/07/2026";"15:57:28"
"01/08/2026";"19:30:07";2026;2;"Eleição Ordinária";6259;"Eleições Gerais Estaduais 2026";"04/10/2026";"AP";"AP";"AMAPÁ";30002530514;1;13;"Terreno";"LOTEAMENTO, LOTE 02 MEDINDO 12X25,5M, PARQUE IRMÃOS PLATON.";"72290,67";"28/07/2026";"15:57:28"
"01/08/2026";"19:30:07";2026;2;"Eleição Ordinária";6259;"Eleições Gerais Estaduais 2026";"04/10/2026";"AP";"AP";"AMAPÁ";30002530514;3;13;"Terreno";"LOTEAMENTO, LOTE 04 MEDINDO 12X25,5M, PARQUE IRMÃOS PLATON.";"72290,67";"28/07/2026";"15:57:28"
"01/08/2026";"19:30:07";2026;2;"Eleição Ordinária";6259;"Eleições Gerais Estaduais 2026";"04/10/2026";"AP";"AP";"AMAPÁ";30002530514;4;21;"Veículo automotor terrestre: caminhão, automóvel, moto, etc.";"VEÍCULO NISSAN XTRAIL SE, PLACA NEO2379/AP, ANO 2009";"40000,00";"28/07/2026";"15:57:28"
"01/08/2026";"19:30:07";2026;2;"Eleição Ordinária";6259;"Eleições Gerais Estaduais 2026";"04/10/2026";"AP";"AP";"AMAPÁ";30002530514;2;79;"Outros fundos";"HASHDEX BITCIN FUNDO DE INVESTIMENTO MULTIMERCADO ¿ INFORMADO POR CNPJ 02.332.886/0001-04.";"3317,69";"28/07/2026";"15:57:28"
"01/08/2026";"19:30:07";2026;2;"Eleição Ordinária";6259;"Eleições Gerais Estaduais 2026";"04/10/2026";"AP";"AP";"AMAPÁ";30002530514;7;13;"Terreno";"LOTEAMENTO, LOTE 01 MEDINDO 12X25,5M, PARQUE IRMÃOS PLATON.";"72290,67";"28/07/2026";"15:57:28"
"01/08/2026";"19:30:07";2026;2;"Eleição Ordinária";6259;"Eleições Gerais Estaduais 2026";"04/10/2026";"AP";"AP";"AMAPÁ";30002530514;5;19;"Outros bens imóveis";"SALINAS PREMIUM RESORT EMPREENDIMENTO IMOBILIARIO SPE LTDA, BL02, AP1212 COTA 03.";"40929,75";"28/07/2026";"15:57:28"
"01/08/2026";"19:30:07";2026;2;"Eleição Ordinária";6259;"Eleições Gerais Estaduais 2026";"04/10/2026";"AP";"AP";"AMAPÁ";30002530514;6;72;"Fundo de Longo Prazo e Fundo de Investimentos em Direitos Creditórios (FIDC)";"SELECTION RF LIGTH FUNDO DE INVESTIMENTO EM COTAS RENDA FIXA CREDITO PRIVADO LONGO PRAZO ¿ INFORMADO POR CNPJ 02.332.886/0001-04.";"576,97";"28/07/2026";"15:57:28"
"01/08/2026";"19:30:07";2026;2;"Eleição Ordinária";6259;"Eleições Gerais Estaduais 2026";"04/10/2026";"AP";"AP";"AMAPÁ";30002530514;10;19;"Outros bens imóveis";"SALINAS PREMIUM RESORT EMPREENDIMENTO IMOBILIARIO SPE LTDA, BL02, AP1208 COTA 03.";"40929,75";"28/07/2026";"15:57:28"
"01/08/2026";"19:30:07";2026;2;"Eleição Ordinária";6259;"Eleições Gerais Estaduais 2026";"04/10/2026";"AP";"AP";"AMAPÁ";30002530514;8;19;"Outros bens imóveis";"ETR CONSTRUTORA, SALINAS PARK TORRE MAÇARICO, P02, AP0207C13";"75813,75";"28/07/2026";"15:57:28"
"01/08/2026";"19:30:07";2026;2;"Eleição Ordinária";6259;"Eleições Gerais Estaduais 2026";"04/10/2026";"AP";"AP";"AMAPÁ";30002530514;9;79;"Outros fundos";"DAHLIA TOTAL RETURN ADVISORY FIC DE FIF MULTIMERCADO ¿ RESPONSABILIDADE LIMITADA ¿ INFORMADO POR CNPJ 02.332.886/0001-04.";"1500,00";"28/07/2026";"15:57:28"
"01/08/2026";"19:30:07";2026;2;"Eleição Ordinária";6259;"Eleições Gerais Estaduais 2026";"04/10/2026";"AP";"AP";"AMAPÁ";30002530514;12;13;"Terreno";"LOTEAMENTO, LOTE 03 MEDINDO 12X25,5M, PARQUE IRMÃOS PLATON";"72290,67";"28/07/2026";"15:57:28"
"01/08/2026";"19:30:07";2026;2;"Eleição Ordinária";6259;"Eleições Gerais Estaduais 2026";"04/10/2026";"AP";"AP";"AMAPÁ";30002530514;13;21;"Veículo automotor terrestre: caminhão, automóvel, moto, etc.";"VEÍCULO PEUGEUT/207 HB XR, PLACA NSP 4161.";"20000,00";"28/07/2026";"15:57:28"
"01/08/2026";"19:30:07";2026;2;"Eleição Ordinária";6259;"Eleições Gerais Estaduais 2026";"04/10/2026";"AP";"AP";"AMAPÁ";30002530514;11;79;"Outros fundos";"XP DEB INCENT IMAB CRED PRIV FUNDO INCENTIVADO DE INV FINANCEIRO EM INFRA RENDA FIXA ¿ RESP LTDA ¿ INFORMADO POR CNPJ 02.332.886/0001-04.";"5000,00";"28/07/2026";"15:57:28"
"01/08/2026";"19:30:07";2026;2;"Eleição Ordinária";6259;"Eleições Gerais Estaduais 2026";"04/10/2026";"AP";"AP";"AMAPÁ";30002530514;15;79;"Outros fundos";"XP INVESTOR 30 FUNDO DE INVESTIMENTO EM COTAS DE AÇÕES RESPONSABILIDADE LIMITADA ¿ INFORMADO POR CNPJ02.332.886/0001-04.";"2500,00";"28/07/2026";"15:57:28"
"01/08/2026";"19:30:07";2026;2;"Eleição Ordinária";6259;"Eleições Gerais Estaduais 2026";"04/10/2026";"AP";"AP";"AMAPÁ";30002530514;16;79;"Outros fundos";"TREND INFLAÇÃO LONGA FUNDO DE INVESTIMENTO EM RENDA FIXA RESPONSABILIDADE LIMITADA ¿ INFORMADO POR CNPJ 02.332.886/0001-04.";"524,97";"28/07/2026";"15:57:28"
"01/08/2026";"19:30:07";2026;2;"Eleição Ordinária";6259;"Eleições Gerais Estaduais 2026";"04/10/2026";"AP";"AP";"AMAPÁ";30002530514;14;79;"Outros fundos";"KAPITALO KAPPA ADVISORY FUNDO DE INVESTIMENTO FINANCEIRO EM COTAS DE FI MULTMERCADO ¿ INFORMADO POR CNPJ 02.332.886/0001-04.";"558,00";"28/07/2026";"15:57:28"
"01/08/2026";"19:30:07";2026;2;"Eleição Ordinária";6259;"Eleições Gerais Estaduais 2026";"04/10/2026";"AP";"AP";"AMAPÁ";30002530514;18;79;"Outros fundos";"TREND CASH CLASSE DE INVESTIMENTO EM COTAS DE CLASSE RENDA FIXA SIMPLES ¿ RESP LIMITADA ¿ INFORMADO POR CNPJ 02.332.886/0001-04.";"357,00";"28/07/2026";"15:57:28"
"01/08/2026";"19:30:07";2026;2;"Eleição Ordinária";6259;"Eleições Gerais Estaduais 2026";"04/10/2026";"AP";"AP";"AMAPÁ";30002530514;17;79;"Outros fundos";"ABSOLUTE VERTEX ADISORY FIC DE MULTIMERCADO RESPONSABILIDDE LIMITADA ¿ INFORMADO POR CNPJ 02.332.886/0001-04.";"2906,14";"28/07/2026";"15:57:28"
"01/08/2026";"19:30:07";2026;2;"Eleição Ordinária";6259;"Eleições Gerais Estaduais 2026";"04/10/2026";"AP";"AP";"AMAPÁ";30002530515;1;99;"OUTROS BENS E DIREITOS";"PROPRIETARIO DA EMPRESA PREMIUM ONE REPRESENTACOES COMERCIAIS E SERVICOS EMPRESARIAIS LTDA, COM A QUANTIDADE DE QUOTAS DE 20.000, COM O VALOR DE R$ 20.000,00";"20000,00";"31/07/2026";"10:00:03"
"01/08/2026";"19:30:07";2026;2;"Eleição Ordinária";6259;"Eleições Gerais Estaduais 2026";"04/10/2026";"AP";"AP";"AMAPÁ";30002531188;2;39;"Outras participações societárias";"CAPITAL INTEGRALIZADO NA EMPRESA CLIAP CLINICA DE IMUNIZACAO DO AMAPA LTDA";"19992,00";"28/07/2026";"15:57:28"
"01/08/2026";"19:30:07";2026;2;"Eleição Ordinária";6259;"Eleições Gerais Estaduais 2026";"04/10/2026";"AP";"AP";"AMAPÁ";30002530516;1;32;"Quotas ou quinhões de capital";"100% DAS COTAS DA MAZ BRASIL EMPREENDIMENTO LTDA 18.328.780/0001-69";"10000000,00";"31/07/2026";"15:16:25"
"01/08/2026";"19:30:07";2026;2;"Eleição Ordinária";6259;"Eleições Gerais Estaduais 2026";"04/10/2026";"AP";"AP";"AMAPÁ";30002531188;1;21;"Veículo automotor terrestre: caminhão, automóvel, moto, etc.";"VEICULO TOYOTA HILUX SWSRXA4FD ANO 2022/2023";"397000,00";"28/07/2026";"15:57:28"
"01/08/2026";"19:30:07";2026;2;"Eleição Ordinária";6259;"Eleições Gerais Estaduais 2026";"04/10/2026";"AP";"AP";"AMAPÁ";30002531188;5;39;"Outras participações societárias";"CAPITAL INTEGRALIZADO NA EMPRESA LABORATORIO DR PAULO ALBUQUERQUE MEDICINA LABORATORIAL S/S LTDA";"340000,00";"28/07/2026";"15:57:28"
"01/08/2026";"19:30:07";2026;2;"Eleição Ordinária";6259;"Eleições Gerais Estaduais 2026";"04/10/2026";"AP";"AP";"AMAPÁ";30002531188;3;39;"Outras participações societárias";"CAPITAL INTEGRALIZADO NA EMPRESA CENTRO DE TERAPIA BIOLOGICA DO AMAPA LTDA";"25000,00";"28/07/2026";"15:57:28"
"01/08/2026";"19:30:07";2026;2;"Eleição Ordinária";6259;"Eleições Gerais Estaduais 2026";"04/10/2026";"AP";"AP";"AMAPÁ";30002531188;4;39;"Outras participações societárias";"CAPITAL INTEGRALIZADO NA EMPRESA ALBUQUERQUE ASSOCIADOS S S EPP 3%";"3000,00";"28/07/2026";"15:57:28"
"01/08/2026";"19:30:07";2026;2;"Eleição Ordinária";6259;"Eleições Gerais Estaduais 2026";"04/10/2026";"AP";"AP";"AMAPÁ";30002531188;6;13;"Terreno";"TERRENO URBANO";"100000,00";"28/07/2026";"15:57:28"
"01/08/2026";"19:30:07";2026;2;"Eleição Ordinária";6259;"Eleições Gerais Estaduais 2026";"04/10/2026";"AP";"AP";"AMAPÁ";30002531189;1;21;"Veículo automotor terrestre: caminhão, automóvel, moto, etc.";"HILUX CD SRV 4X4 2.8, ANO MODELO: 2024/2024, COR: BRANCA";"163498,72";"28/07/2026";"15:57:28"
"01/08/2026";"19:30:07";2026;2;"Eleição Ordinária";6259;"Eleições Gerais Estaduais 2026";"04/10/2026";"AP";"AP";"AMAPÁ";30002531188;7;11;"Apartamento";"AQUISIÇÃO DE APARTAMENTO";"283479,85";"28/07/2026";"15:57:28"
"01/08/2026";"19:30:07";2026;2;"Eleição Ordinária";6259;"Eleições Gerais Estaduais 2026";"04/10/2026";"AP";"AP";"AMAPÁ";30002531189;2;39;"Outras participações societárias";"25% DO CAPITAL SOCIAL NA EMPRESA GRUPO AGB LTDA";"75000,00";"28/07/2026";"15:57:28"
"01/08/2026";"19:30:07";2026;2;"Eleição Ordinária";6259;"Eleições Gerais Estaduais 2026";"04/10/2026";"AP";"AP";"AMAPÁ";30002531189;4;21;"Veículo automotor terrestre: caminhão, automóvel, moto, etc.";"VEICULO JEEP COMPASS SERIES S TF, PLACA SAK9E21, COR BRANCA";"216293,74";"28/07/2026";"15:57:28"
"01/08/2026";"19:30:07";2026;2;"Eleição Ordinária";6259;"Eleições Gerais Estaduais 2026";"04/10/2026";"AP";"AP";"AMAPÁ";30002531189;3;21;"Veículo automotor terrestre: caminhão, automóvel, moto, etc.";"MOTO DUCATI DIAVEL, PRETA, ANO FAB/MOD: 23/23";"119490,00";"28/07/2026";"15:57:28"
"01/08/2026";"19:30:07";2026;2;"Eleição Ordinária";6259;"Eleições Gerais Estaduais 2026";"04/10/2026";"AP";"AP";"AMAPÁ";30002531189;7;19;"Outros bens imóveis";"LOTE URBANO";"479313,29";"28/07/2026";"15:57:28"
"01/08/2026";"19:30:07";2026;2;"Eleição Ordinária";6259;"Eleições Gerais Estaduais 2026";"04/10/2026";"AP";"AP";"AMAPÁ";30002531189;6;13;"Terreno";"TERRENO RURAL";"150000,00";"28/07/2026";"15:57:28"
"01/08/2026";"19:30:07";2026;2;"Eleição Ordinária";6259;"Eleições Gerais Estaduais 2026";"04/10/2026";"AP";"AP";"AMAPÁ";30002531189;5;11;"Apartamento";"APARTAMENTO RESIDENCIAL";"125000,00";"28/07/2026";"15:57:28"
"01/08/2026";"19:30:07";2026;2;"Eleição Ordinária";6259;"Eleições Gerais Estaduais 2026";"04/10/2026";"AP";"AP";"AMAPÁ";30002531190;2;19;"Outros bens imóveis";"IMOVEL RESIDENCIAL";"500000,00";"28/07/2026";"15:57:28"
"01/08/2026";"19:30:07";2026;2;"Eleição Ordinária";6259;"Eleições Gerais Estaduais 2026";"04/10/2026";"AP";"AP";"AMAPÁ";30002531189;8;41;"Caderneta de poupança";"POUPANCA ITAU";"85,03";"28/07/2026";"15:57:28"
"01/08/2026";"19:30:07";2026;2;"Eleição Ordinária";6259;"Eleições Gerais Estaduais 2026";"04/10/2026";"AP";"AP";"AMAPÁ";30002531190;1;21;"Veículo automotor terrestre: caminhão, automóvel, moto, etc.";"VEICULO HONDA CIVIC 2018";"100000,00";"28/07/2026";"15:57:28"
"01/08/2026";"19:30:07";2026;2;"Eleição Ordinária";6259;"Eleições Gerais Estaduais 2026";"04/10/2026";"AP";"AP";"AMAPÁ";30002531192;2;21;"Veículo automotor terrestre: caminhão, automóvel, moto, etc.";"HONDA HRV 25/25";"69073,51";"28/07/2026";"15:57:28"
"01/08/2026";"19:30:07";2026;2;"Eleição Ordinária";6259;"Eleições Gerais Estaduais 2026";"04/10/2026";"AP";"AP";"AMAPÁ";30002532023;1;12;"Casa";"UMA CASA EM ALVENARIA LOCALIZADA NA AV FRANCISCO C DA COSTA, 1752";"172000,00";"28/07/2026";"15:57:28"
"01/08/2026";"19:30:07";2026;2;"Eleição Ordinária";6259;"Eleições Gerais Estaduais 2026";"04/10/2026";"AP";"AP";"AMAPÁ";30002531192;1;11;"Apartamento";"APARTAMENTO RESIDENCIAL";"462368,57";"28/07/2026";"15:57:28"
"01/08/2026";"19:30:07";2026;2;"Eleição Ordinária";6259;"Eleições Gerais Estaduais 2026";"04/10/2026";"AP";"AP";"AMAPÁ";30002532025;2;19;"Outros bens imóveis";"EMPRESA ADVOGADOS REUNIDOS CNPJ: 07.089.215/0001-70";"100000,00";"28/07/2026";"15:57:28"
"01/08/2026";"19:30:07";2026;2;"Eleição Ordinária";6259;"Eleições Gerais Estaduais 2026";"04/10/2026";"AP";"AP";"AMAPÁ";30002532026;1;21;"Veículo automotor terrestre: caminhão, automóvel, moto, etc.";"VW/VIRTNE RXSENSIVE 2025/2026";"134000,00";"28/07/2026";"18:32:20"
"01/08/2026";"19:30:07";2026;2;"Eleição Ordinária";6259;"Eleições Gerais Estaduais 2026";"04/10/2026";"AP";"AP";"AMAPÁ";30002532025;1;21;"Veículo automotor terrestre: caminhão, automóvel, moto, etc.";"FIAT/UNO ATTRACTIVE 1.0 2019";"37000,00";"28/07/2026";"15:57:28"
"01/08/2026";"19:30:07";2026;2;"Eleição Ordinária";6259;"Eleições Gerais Estaduais 2026";"04/10/2026";"AP";"AP";"AMAPÁ";30002532031;2;12;"Casa";"CASA EM BELÉM DO PARÁ NA PASSAGEM EUNICE WEAVER 63. BAIRRO SACRAMENTA.";"300000,00";"28/07/2026";"15:57:28"
"01/08/2026";"19:30:07";2026;2;"Eleição Ordinária";6259;"Eleições Gerais Estaduais 2026";"04/10/2026";"AP";"AP";"AMAPÁ";30002532031;1;12;"Casa";"CASA EM MACAPÁ. IV AVENIDA 1518. MARABAIXO I, CEP 68.908-895";"200000,00";"28/07/2026";"15:57:28"
"01/08/2026";"19:30:07";2026;2;"Eleição Ordinária";6259;"Eleições Gerais Estaduais 2026";"04/10/2026";"AP";"AP";"AMAPÁ";30002532029;1;2;"Prédio comercial";"IMOVEL RESIDENCIAL QUATRO ANDARES, AV. ALMIRANTE BARROSO,2299, SANTA RITA";"2000000,00";"28/07/2026";"15:57:28"
"01/08/2026";"19:30:07";2026;2;"Eleição Ordinária";6259;"Eleições Gerais Estaduais 2026";"04/10/2026";"AP";"AP";"AMAPÁ";30002532036;1;19;"Outros bens imóveis";"TITULAR DA EMPRESA INDIVIDUAL M. A. BIANCHI - ME, CNPJ (MF) N 14.608.684/0001-13, CAPITAL SOCIAL R$50.000,00 105 - BRASIL";"500000,00";"28/07/2026";"15:57:28"
"01/08/2026";"19:30:07";2026;2;"Eleição Ordinária";6259;"Eleições Gerais Estaduais 2026";"04/10/2026";"AP";"AP";"AMAPÁ";30002532031;3;21;"Veículo automotor terrestre: caminhão, automóvel, moto, etc.";"CARRO LOGAN ANP 2011";"15000,00";"28/07/2026";"15:57:28"
"01/08/2026";"19:30:07";2026;2;"Eleição Ordinária";6259;"Eleições Gerais Estaduais 2026";"04/10/2026";"AP";"AP";"AMAPÁ";30002532037;1;12;"Casa";"CASA EM ALVENARIA";"230000,00";"28/07/2026";"15:57:28"
"01/08/2026";"19:30:07";2026;2;"Eleição Ordinária";6259;"Eleições Gerais Estaduais 2026";"04/10/2026";"AP";"AP";"AMAPÁ";30002532037;2;13;"Terreno";"TERRENO URBANO";"35000,00";"28/07/2026";"15:57:28"
"01/08/2026";"19:30:07";2026;2;"Eleição Ordinária";6259;"Eleições Gerais Estaduais 2026";"04/10/2026";"AP";"AP";"AMAPÁ";30002532038;1;49;"Outras aplicações e Investimentos";"ITAU PRIVILEGE RENDA FIXA REFERENCIADO DI FIF DA CLASSE DE INVESTIMENTO EM COTAS RESP LIMITADA - INFORMADO POR CNPJ 60.701.190/0001-04";"148895,16";"28/07/2026";"15:57:28"
"01/08/2026";"19:30:07";2026;2;"Eleição Ordinária";6259;"Eleições Gerais Estaduais 2026";"04/10/2026";"AP";"AP";"AMAPÁ";30002532037;3;21;"Veículo automotor terrestre: caminhão, automóvel, moto, etc.";"CAMINHONETE NISSAN FRONTIER, 2012";"40000,00";"28/07/2026";"15:57:28"
"01/08/2026";"19:30:07";2026;2;"Eleição Ordinária";6259;"Eleições Gerais Estaduais 2026";"04/10/2026";"AP";"AP";"AMAPÁ";30002532039;1;21;"Veículo automotor terrestre: caminhão, automóvel, moto, etc.";"FIAT STRADA 1.4 WORKING ANO 2012-2012";"17000,00";"29/07/2026";"12:34:18"
"01/08/2026";"19:30:07";2026;2;"Eleição Ordinária";6259;"Eleições Gerais Estaduais 2026";"04/10/2026";"AP";"AP";"AMAPÁ";30002532038;3;99;"OUTROS BENS E DIREITOS";"INFORMADO POR CNPJ 00.360.305/0001-04";"1756,89";"28/07/2026";"15:57:28"
"01/08/2026";"19:30:07";2026;2;"Eleição Ordinária";6259;"Eleições Gerais Estaduais 2026";"04/10/2026";"AP";"AP";"AMAPÁ";30002532038;2;99;"OUTROS BENS E DIREITOS";"INFORMADO POR CNPJ 00.000.000/0001-91";"37,70";"28/07/2026";"15:57:28"
"01/08/2026";"19:30:07";2026;2;"Eleição Ordinária";6259;"Eleições Gerais Estaduais 2026";"04/10/2026";"AP";"AP";"AMAPÁ";30002532039;2;13;"Terreno";"TERRENO RURAL - RAMAL DO CACHAÇO";"150000,00";"29/07/2026";"12:34:18"
"01/08/2026";"19:30:07";2026;2;"Eleição Ordinária";6259;"Eleições Gerais Estaduais 2026";"04/10/2026";"AP";"AP";"AMAPÁ";30002532040;2;12;"Casa";"AQUISICAO DE CASA RESIDENCIAL PROPRIA ADIQUIRIDA NO ANO DE 2012, FINANCIADA PELA CAIXA ECONOMICA FEDERAL.";"132645,90";"28/07/2026";"15:57:28"
"01/08/2026";"19:30:07";2026;2;"Eleição Ordinária";6259;"Eleições Gerais Estaduais 2026";"04/10/2026";"AP";"AP";"AMAPÁ";30002532040;1;99;"OUTROS BENS E DIREITOS";"INFORMADO POR CNPJ 00.000.000/0001-91";"45686,34";"28/07/2026";"15:57:28"
"01/08/2026";"19:30:07";2026;2;"Eleição Ordinária";6259;"Eleições Gerais Estaduais 2026";"04/10/2026";"AP";"AP";"AMAPÁ";30002532234;1;13;"Terreno";"TERRENO RESIDENCIAL";"90000,00";"28/07/2026";"15:57:28"
"01/08/2026";"19:30:07";2026;2;"Eleição Ordinária";6259;"Eleições Gerais Estaduais 2026";"04/10/2026";"AP";"AP";"AMAPÁ";30002532234;2;21;"Veículo automotor terrestre: caminhão, automóvel, moto, etc.";"FIAT ARGO 2018/2019";"60000,00";"28/07/2026";"15:57:28"
"01/08/2026";"19:30:07";2026;2;"Eleição Ordinária";6259;"Eleições Gerais Estaduais 2026";"04/10/2026";"AP";"AP";"AMAPÁ";30002532040;3;99;"OUTROS BENS E DIREITOS";"INFORMADO POR CNPJ 00.000.000/0001-91";"207089,80";"28/07/2026";"15:57:28"
"01/08/2026";"19:30:07";2026;2;"Eleição Ordinária";6259;"Eleições Gerais Estaduais 2026";"04/10/2026";"AP";"AP";"AMAPÁ";30002532234;3;12;"Casa";"IMOVEL RESIDENCIAL";"150000,00";"28/07/2026";"15:57:28"
"01/08/2026";"19:30:07";2026;2;"Eleição Ordinária";6259;"Eleições Gerais Estaduais 2026";"04/10/2026";"AP";"AP";"AMAPÁ";30002532235;1;21;"Veículo automotor terrestre: caminhão, automóvel, moto, etc.";"VOLKSWAGEN FOX CONNECT, ANO/MODELO 2021, COR BRANCA";"60000,00";"28/07/2026";"17:24:02"
"01/08/2026";"19:30:07";2026;2;"Eleição Ordinária";6259;"Eleições Gerais Estaduais 2026";"04/10/2026";"AP";"AP";"AMAPÁ";30002532235;2;12;"Casa";"IMÓVEL RESIDENCIAL (CASA) LOCALIZADO NO MUNICÍPIO DE MACAPÁ/AP";"300000,00";"28/07/2026";"17:24:02"
"01/08/2026";"19:30:07";2026;2;"Eleição Ordinária";6259;"Eleições Gerais Estaduais 2026";"04/10/2026";"AP";"AP";"AMAPÁ";30002532236;1;12;"Casa";"IMOVEL RESIDENCIAL";"500000,00";"28/07/2026";"15:57:28"
"01/08/2026";"19:30:07";2026;2;"Eleição Ordinária";6259;"Eleições Gerais Estaduais 2026";"04/10/2026";"AP";"AP";"AMAPÁ";30002532237;2;12;"Casa";"IMOVEL RESIDENCIAL NO RIO DE JANEIRO";"365000,00";"28/07/2026";"15:57:28"
"01/08/2026";"19:30:07";2026;2;"Eleição Ordinária";6259;"Eleições Gerais Estaduais 2026";"04/10/2026";"AP";"AP";"AMAPÁ";30002532237;1;12;"Casa";"IMOVEL RESIDENCIAL EM MACAPÁ";"230000,00";"28/07/2026";"15:57:28"
"01/08/2026";"19:30:07";2026;2;"Eleição Ordinária";6259;"Eleições Gerais Estaduais 2026";"04/10/2026";"AP";"AP";"AMAPÁ";30002532238;3;21;"Veículo automotor terrestre: caminhão, automóvel, moto, etc.";"CARRO V DRIVE 16MT";"45922,00";"28/07/2026";"15:57:28"
"01/08/2026";"19:30:07";2026;2;"Eleição Ordinária";6259;"Eleições Gerais Estaduais 2026";"04/10/2026";"AP";"AP";"AMAPÁ";30002532238;2;21;"Veículo automotor terrestre: caminhão, automóvel, moto, etc.";"MOTO HONDA BIZ ES";"14704,00";"28/07/2026";"15:57:28"
"01/08/2026";"19:30:07";2026;2;"Eleição Ordinária";6259;"Eleições Gerais Estaduais 2026";"04/10/2026";"AP";"AP";"AMAPÁ";30002532238;1;21;"Veículo automotor terrestre: caminhão, automóvel, moto, etc.";"CARRO TRACKER T A";"104986,00";"28/07/2026";"15:57:28"
"01/08/2026";"19:30:07";2026;2;"Eleição Ordinária";6259;"Eleições Gerais Estaduais 2026";"04/10/2026";"AP";"AP";"AMAPÁ";30002532239;2;21;"Veículo automotor terrestre: caminhão, automóvel, moto, etc.";"01 AUTOMOVEL";"100000,00";"28/07/2026";"15:57:28"
"01/08/2026";"19:30:07";2026;2;"Eleição Ordinária";6259;"Eleições Gerais Estaduais 2026";"04/10/2026";"AP";"AP";"AMAPÁ";30002532239;1;12;"Casa";"CASA RESIDENCIAL";"250000,00";"28/07/2026";"15:57:28"
"01/08/2026";"19:30:07";2026;2;"Eleição Ordinária";6259;"Eleições Gerais Estaduais 2026";"04/10/2026";"AP";"AP";"AMAPÁ";30002532240;1;21;"Veículo automotor terrestre: caminhão, automóvel, moto, etc.";"NISSA FRONTIER LE AT 4X4 COR PRETO PREMIUM 2021/2022";"145000,00";"28/07/2026";"15:57:28"
"01/08/2026";"19:30:07";2026;2;"Eleição Ordinária";6259;"Eleições Gerais Estaduais 2026";"04/10/2026";"AP";"AP";"AMAPÁ";30002532244;1;12;"Casa";"IMOVEL RESIDENCIAL";"120000,00";"28/07/2026";"15:57:28"
"01/08/2026";"19:30:07";2026;2;"Eleição Ordinária";6259;"Eleições Gerais Estaduais 2026";"04/10/2026";"AP";"AP";"AMAPÁ";30002532244;2;21;"Veículo automotor terrestre: caminhão, automóvel, moto, etc.";"GOL 1.0";"85000,00";"28/07/2026";"15:57:28"
"01/08/2026";"19:30:07";2026;2;"Eleição Ordinária";6259;"Eleições Gerais Estaduais 2026";"04/10/2026";"AP";"AP";"AMAPÁ";30002532243;1;11;"Apartamento";"APARTAMENTO RESIDENCIAL";"160000,00";"28/07/2026";"15:57:28"
"01/08/2026";"19:30:07";2026;2;"Eleição Ordinária";6259;"Eleições Gerais Estaduais 2026";"04/10/2026";"AP";"AP";"AMAPÁ";30002532244;3;13;"Terreno";"TERRENO MEDINDO 80X400M";"80000,00";"28/07/2026";"15:57:28"
"01/08/2026";"19:30:07";2026;2;"Eleição Ordinária";6259;"Eleições Gerais Estaduais 2026";"04/10/2026";"AP";"AP";"AMAPÁ";30002532245;1;21;"Veículo automotor terrestre: caminhão, automóvel, moto, etc.";"CARRO MODELO CRUZE";"65000,00";"28/07/2026";"15:57:28"
"01/08/2026";"19:30:07";2026;2;"Eleição Ordinária";6259;"Eleições Gerais Estaduais 2026";"04/10/2026";"AP";"AP";"AMAPÁ";30002532245;2;12;"Casa";"IMOVEL RESIDENCIAL";"250000,00";"28/07/2026";"15:57:28"
"01/08/2026";"19:30:07";2026;2;"Eleição Ordinária";6259;"Eleições Gerais Estaduais 2026";"04/10/2026";"AP";"AP";"AMAPÁ";30002532249;1;39;"Outras participações societárias";"98% DE PARTICIPAÇÃO NO CAPITAL SOCIAL DA CLINICA CARDIOLOGICA DO AMAPA LTDA (INCOR)";"362600,00";"31/07/2026";"11:22:43"
"01/08/2026";"19:30:07";2026;2;"Eleição Ordinária";6259;"Eleições Gerais Estaduais 2026";"04/10/2026";"AP";"AP";"AMAPÁ";30002532249;2;21;"Veículo automotor terrestre: caminhão, automóvel, moto, etc.";"VEICULO S-10 PUCKUP LTZ 2.8 TDI 4X4 CD DIESEL AUTOMATICA NA COR BRANCA ANO 2022/2023";"179990,00";"31/07/2026";"11:22:43"
"01/08/2026";"19:30:07";2026;2;"Eleição Ordinária";6259;"Eleições Gerais Estaduais 2026";"04/10/2026";"AP";"AP";"AMAPÁ";30002532250;1;1;"Prédio residencial";"PREDIO RESIDENCIAL";"350000,00";"28/07/2026";"15:57:28"
"01/08/2026";"19:30:07";2026;2;"Eleição Ordinária";6259;"Eleições Gerais Estaduais 2026";"04/10/2026";"AP";"AP";"AMAPÁ";30002532250;2;12;"Casa";"IMOVEL RESIDENCIAL";"238000,00";"28/07/2026";"15:57:28"
"01/08/2026";"19:30:07";2026;2;"Eleição Ordinária";6259;"Eleições Gerais Estaduais 2026";"04/10/2026";"AP";"AP";"AMAPÁ";30002532251;1;21;"Veículo automotor terrestre: caminhão, automóvel, moto, etc.";"VEICULO ECO SPORT";"46000,00";"28/07/2026";"15:57:28"
"01/08/2026";"19:30:07";2026;2;"Eleição Ordinária";6259;"Eleições Gerais Estaduais 2026";"04/10/2026";"AP";"AP";"AMAPÁ";30002532252;1;21;"Veículo automotor terrestre: caminhão, automóvel, moto, etc.";"VEICULO JEEP COMMANDER 2025";"208000,00";"29/07/2026";"18:58:56"
"01/08/2026";"19:30:07";2026;2;"Eleição Ordinária";6259;"Eleições Gerais Estaduais 2026";"04/10/2026";"AP";"AP";"AMAPÁ";30002532254;2;13;"Terreno";"TERRENO COM CONSTRUÇÃO RESIDENCIAL, RUA BEIRA RIO,  PORTO GRANDE.";"500000,00";"29/07/2026";"17:25:05"
"01/08/2026";"19:30:07";2026;2;"Eleição Ordinária";6259;"Eleições Gerais Estaduais 2026";"04/10/2026";"AP";"AP";"AMAPÁ";30002532252;2;21;"Veículo automotor terrestre: caminhão, automóvel, moto, etc.";"VEICULO FIAT TORO 2023";"110000,00";"29/07/2026";"18:58:56"
"01/08/2026";"19:30:07";2026;2;"Eleição Ordinária";6259;"Eleições Gerais Estaduais 2026";"04/10/2026";"AP";"AP";"AMAPÁ";30002532254;1;63;"Dinheiro em espécie - moeda nacional";"DINHEIRO EM ESPÉCIE";"100000,00";"29/07/2026";"17:25:05"
"01/08/2026";"19:30:07";2026;2;"Eleição Ordinária";6259;"Eleições Gerais Estaduais 2026";"04/10/2026";"AP";"AP";"AMAPÁ";30002532254;3;13;"Terreno";"TERRENO 30X30, EM PORTO GRANDE.";"250000,00";"29/07/2026";"17:25:05"
"01/08/2026";"19:30:07";2026;2;"Eleição Ordinária";6259;"Eleições Gerais Estaduais 2026";"04/10/2026";"AP";"AP";"AMAPÁ";30002532254;4;21;"Veículo automotor terrestre: caminhão, automóvel, moto, etc.";"CARRO ANO 23/23";"100000,00";"29/07/2026";"17:25:05"
"01/08/2026";"19:30:07";2026;2;"Eleição Ordinária";6259;"Eleições Gerais Estaduais 2026";"04/10/2026";"AP";"AP";"AMAPÁ";30002532254;5;21;"Veículo automotor terrestre: caminhão, automóvel, moto, etc.";"CARRO ANO 23/24";"90000,00";"29/07/2026";"17:25:05"
"01/08/2026";"19:30:07";2026;2;"Eleição Ordinária";6259;"Eleições Gerais Estaduais 2026";"04/10/2026";"AP";"AP";"AMAPÁ";30002532255;1;13;"Terreno";"TERRENO RURAL";"100000,00";"28/07/2026";"15:57:28"
"01/08/2026";"19:30:07";2026;2;"Eleição Ordinária";6259;"Eleições Gerais Estaduais 2026";"04/10/2026";"AP";"AP";"AMAPÁ";30002532255;2;12;"Casa";"IMOVEL RESIDENCIAL";"80000,00";"28/07/2026";"15:57:28"
"01/08/2026";"19:30:07";2026;2;"Eleição Ordinária";6259;"Eleições Gerais Estaduais 2026";"04/10/2026";"AP";"AP";"AMAPÁ";30002532428;1;21;"Veículo automotor terrestre: caminhão, automóvel, moto, etc.";"FORD FIESTA ROCAM SEDAN 1.0 2012/2013";"31252,00";"31/07/2026";"12:05:13"
"01/08/2026";"19:30:07";2026;2;"Eleição Ordinária";6259;"Eleições Gerais Estaduais 2026";"04/10/2026";"AP";"AP";"AMAPÁ";30002532429;1;59;"Outros créditos e poupança vinculados";"POUPANÇA NO BANCO DO BRASIL";"718,37";"31/07/2026";"12:11:46"
"01/08/2026";"19:30:07";2026;2;"Eleição Ordinária";6259;"Eleições Gerais Estaduais 2026";"04/10/2026";"AP";"AP";"AMAPÁ";30002532840;1;79;"Outros fundos";"SICREDI INTEGRAÇÃO";"501,19";"30/07/2026";"14:16:42"
"01/08/2026";"19:30:07";2026;2;"Eleição Ordinária";6259;"Eleições Gerais Estaduais 2026";"04/10/2026";"AP";"AP";"AMAPÁ";30002532840;2;79;"Outros fundos";"TESOURO NACIONAL NTN-B";"12832,65";"30/07/2026";"14:16:42"
"01/08/2026";"19:30:07";2026;2;"Eleição Ordinária";6259;"Eleições Gerais Estaduais 2026";"04/10/2026";"AP";"AP";"AMAPÁ";30002532840;3;79;"Outros fundos";"BANCO XP S.A COE";"5000,00";"30/07/2026";"14:16:42"
"01/08/2026";"19:30:07";2026;2;"Eleição Ordinária";6259;"Eleições Gerais Estaduais 2026";"04/10/2026";"AP";"AP";"AMAPÁ";30002532840;4;79;"Outros fundos";"RENDIMENTO ISENTOS TRUE";"9,76";"30/07/2026";"14:16:42"
"01/08/2026";"19:30:07";2026;2;"Eleição Ordinária";6259;"Eleições Gerais Estaduais 2026";"04/10/2026";"AP";"AP";"AMAPÁ";30002532840;5;79;"Outros fundos";"SICREDI INTEGRAÇÃO CONTA CORRENTE";"5,20";"30/07/2026";"14:16:42"
"01/08/2026";"19:30:07";2026;2;"Eleição Ordinária";6259;"Eleições Gerais Estaduais 2026";"04/10/2026";"AP";"AP";"AMAPÁ";30002532840;6;79;"Outros fundos";"INFORMADO POR CNPJ 02.332.886/0001-04";"6107,22";"30/07/2026";"14:16:42"
"01/08/2026";"19:30:07";2026;2;"Eleição Ordinária";6259;"Eleições Gerais Estaduais 2026";"04/10/2026";"AP";"AP";"AMAPÁ";30002532840;8;79;"Outros fundos";"IBIUNA CREDIT MASTER FIF";"3400,00";"30/07/2026";"14:16:42"
"01/08/2026";"19:30:07";2026;2;"Eleição Ordinária";6259;"Eleições Gerais Estaduais 2026";"04/10/2026";"AP";"AP";"AMAPÁ";30002532840;7;79;"Outros fundos";"FUNDO DE INVESTIMENTO FINANCEIRO - RESP";"10373,05";"30/07/2026";"14:16:42"
"01/08/2026";"19:30:07";2026;2;"Eleição Ordinária";6259;"Eleições Gerais Estaduais 2026";"04/10/2026";"AP";"AP";"AMAPÁ";30002532840;11;62;"Depósito bancário em conta corrente no exterior";"C/C NO EXTERIOR";"205,71";"30/07/2026";"14:16:42"
"01/08/2026";"19:30:07";2026;2;"Eleição Ordinária";6259;"Eleições Gerais Estaduais 2026";"04/10/2026";"AP";"AP";"AMAPÁ";30002532840;9;73;"Fundo de Investimento Imobiliário";"FUNDO DE INVESTIMENTO IMOBILIARIO";"10000,00";"30/07/2026";"14:16:42"
"01/08/2026";"19:30:07";2026;2;"Eleição Ordinária";6259;"Eleições Gerais Estaduais 2026";"04/10/2026";"AP";"AP";"AMAPÁ";30002532840;10;31;"Ações (inclusive as provenientes de linha telefônica)";"AÇÕES/QUOTAS DA NOBL";"8855,97";"30/07/2026";"14:16:42"
"01/08/2026";"19:30:07";2026;2;"Eleição Ordinária";6259;"Eleições Gerais Estaduais 2026";"04/10/2026";"AP";"AP";"AMAPÁ";30002532840;13;73;"Fundo de Investimento Imobiliário";"LCP PREFIXADO";"7400,00";"30/07/2026";"14:16:42"
"01/08/2026";"19:30:07";2026;2;"Eleição Ordinária";6259;"Eleições Gerais Estaduais 2026";"04/10/2026";"AP";"AP";"AMAPÁ";30002532840;12;61;"Depósito bancário em conta corrente no País";"CONTA CORRENTE";"14756,93";"30/07/2026";"14:16:42"
"01/08/2026";"19:30:07";2026;2;"Eleição Ordinária";6259;"Eleições Gerais Estaduais 2026";"04/10/2026";"AP";"AP";"AMAPÁ";30002532840;14;79;"Outros fundos";"INFRA CREDITO FUNDO DE INVESTIMENTO";"40000,00";"30/07/2026";"14:16:42"
"01/08/2026";"19:30:07";2026;2;"Eleição Ordinária";6259;"Eleições Gerais Estaduais 2026";"04/10/2026";"AP";"AP";"AMAPÁ";30002532841;2;59;"Outros créditos e poupança vinculados";"SALDO EM CONTA POUPANÇA";"1411,75";"30/07/2026";"13:33:28"
"01/08/2026";"19:30:07";2026;2;"Eleição Ordinária";6259;"Eleições Gerais Estaduais 2026";"04/10/2026";"AP";"AP";"AMAPÁ";30002532840;15;12;"Casa";"CASA EM ALVENARIA, TD DE 06/2024";"200000,00";"30/07/2026";"14:16:42"
"01/08/2026";"19:30:07";2026;2;"Eleição Ordinária";6259;"Eleições Gerais Estaduais 2026";"04/10/2026";"AP";"AP";"AMAPÁ";30002532841;1;95;"Consórcio não contemplado";"CONSÓRCIO BANCO DO BRASIL";"58763,40";"30/07/2026";"13:33:28"
"01/08/2026";"19:30:07";2026;2;"Eleição Ordinária";6259;"Eleições Gerais Estaduais 2026";"04/10/2026";"AP";"AP";"AMAPÁ";30002532841;4;59;"Outros créditos e poupança vinculados";"SALDO EM CONTA CORRENTE BANCO 033";"2860,00";"30/07/2026";"13:33:28"
"01/08/2026";"19:30:07";2026;2;"Eleição Ordinária";6259;"Eleições Gerais Estaduais 2026";"04/10/2026";"AP";"AP";"AMAPÁ";30002532841;5;12;"Casa";"SITUADA NA AVENIDA RUI BARBOSA, 1567, VL. MAIA, SANTANA/AP";"440328,00";"30/07/2026";"13:33:28"
"01/08/2026";"19:30:07";2026;2;"Eleição Ordinária";6259;"Eleições Gerais Estaduais 2026";"04/10/2026";"AP";"AP";"AMAPÁ";30002532841;3;21;"Veículo automotor terrestre: caminhão, automóvel, moto, etc.";"TOYOTA COROLLA ALTIS 23/23";"185700,00";"30/07/2026";"13:33:28"
"01/08/2026";"19:30:07";2026;2;"Eleição Ordinária";6259;"Eleições Gerais Estaduais 2026";"04/10/2026";"AP";"AP";"AMAPÁ";30002532841;8;12;"Casa";"SITUADA NA AVENIDA PRINCIPAL, 08, VILA AMAZONAS";"680342,00";"30/07/2026";"13:33:28"
"01/08/2026";"19:30:07";2026;2;"Eleição Ordinária";6259;"Eleições Gerais Estaduais 2026";"04/10/2026";"AP";"AP";"AMAPÁ";30002532841;6;12;"Casa";"SITUADA NA RUA D20, VL AMAZONAS, 340";"790615,00";"30/07/2026";"13:33:28"
"01/08/2026";"19:30:07";2026;2;"Eleição Ordinária";6259;"Eleições Gerais Estaduais 2026";"04/10/2026";"AP";"AP";"AMAPÁ";30002532841;7;21;"Veículo automotor terrestre: caminhão, automóvel, moto, etc.";"BYD SONG PLUS 25/26";"249800,00";"30/07/2026";"13:33:28"
"01/08/2026";"19:30:07";2026;2;"Eleição Ordinária";6259;"Eleições Gerais Estaduais 2026";"04/10/2026";"AP";"AP";"AMAPÁ";30002532842;2;72;"Fundo de Longo Prazo e Fundo de Investimentos em Direitos Creditórios (FIDC)";"BB RENDA FIXA LONGO PRAZO HIGH FIF, CNPJ DO FUNDO 29.224.634/00001-00";"89000,00";"31/07/2026";"11:54:02"
"01/08/2026";"19:30:07";2026;2;"Eleição Ordinária";6259;"Eleições Gerais Estaduais 2026";"04/10/2026";"AP";"AP";"AMAPÁ";30002532842;1;21;"Veículo automotor terrestre: caminhão, automóvel, moto, etc.";"RENAULT/DUSTER 16 D 4X2, ANO 2013, PLACA NET-8912/AP, RENAVAM 005438011001";"25000,00";"31/07/2026";"11:54:02"
"01/08/2026";"19:30:07";2026;2;"Eleição Ordinária";6259;"Eleições Gerais Estaduais 2026";"04/10/2026";"AP";"AP";"AMAPÁ";30002532842;3;95;"Consórcio não contemplado";"CONSÓRCIO DE IMÓVEIS, PARCELA PAGAS 411, PARCELAS A PAGAR 2938, CNPJ: 06.043.050/0001-32";"97287,51";"31/07/2026";"11:54:02"
"01/08/2026";"19:30:07";2026;2;"Eleição Ordinária";6259;"Eleições Gerais Estaduais 2026";"04/10/2026";"AP";"AP";"AMAPÁ";30002532842;4;12;"Casa";"CASA NA FAZENDINHA, 7 CÔMODO, 389,72 M, TERRENO 1.756,66 M, MATRÍCULA 23320";"300000,00";"31/07/2026";"11:54:02"
"01/08/2026";"19:30:07";2026;2;"Eleição Ordinária";6259;"Eleições Gerais Estaduais 2026";"04/10/2026";"AP";"AP";"AMAPÁ";30002532842;5;45;"Aplicação de renda fixa (CDB, RDB e outros)";"BB CDB RENDE FÁCIL, BANCO DO BRASIL S.A, CNPJ 00.000.000/0001-91";"20060,36";"31/07/2026";"11:54:02"
"01/08/2026";"19:30:07";2026;2;"Eleição Ordinária";6259;"Eleições Gerais Estaduais 2026";"04/10/2026";"AP";"AP";"AMAPÁ";30002532843;1;12;"Casa";"RESIDÊNCIA SITO AVENIDA 05, PARK LAGOA, 168, RESIDENCIAL";"1500000,00";"30/07/2026";"14:02:18"
"01/08/2026";"19:30:07";2026;2;"Eleição Ordinária";6259;"Eleições Gerais Estaduais 2026";"04/10/2026";"AP";"AP";"AMAPÁ";30002532843;2;19;"Outros bens imóveis";"PROPRIEDADE FAZENDA CASSIPORÉ";"1000000,00";"30/07/2026";"14:02:18"
"01/08/2026";"19:30:07";2026;2;"Eleição Ordinária";6259;"Eleições Gerais Estaduais 2026";"04/10/2026";"AP";"AP";"AMAPÁ";30002532845;1;39;"Outras participações societárias";"PARTICIPAÇÃO NA EMPRESA LINE ARQUITETURA E ENGENHARIA LTDA";"900000,00";"28/07/2026";"15:57:28"
"01/08/2026";"19:30:07";2026;2;"Eleição Ordinária";6259;"Eleições Gerais Estaduais 2026";"04/10/2026";"AP";"AP";"AMAPÁ";30002532846;1;12;"Casa";"IMÓVEL RESIDENCIAL";"700000000,00";"29/07/2026";"15:29:22"
"01/08/2026";"19:30:07";2026;2;"Eleição Ordinária";6259;"Eleições Gerais Estaduais 2026";"04/10/2026";"AP";"AP";"AMAPÁ";30002532846;2;21;"Veículo automotor terrestre: caminhão, automóvel, moto, etc.";"NISSAN VERSA SEDAN, ANO 2022";"80000000,00";"29/07/2026";"15:29:22"
"01/08/2026";"19:30:07";2026;2;"Eleição Ordinária";6259;"Eleições Gerais Estaduais 2026";"04/10/2026";"AP";"AP";"AMAPÁ";30002532847;1;21;"Veículo automotor terrestre: caminhão, automóvel, moto, etc.";"VEÍCULO HYUNDAI HB20";"87000,00";"29/07/2026";"14:45:19"
"01/08/2026";"19:30:07";2026;2;"Eleição Ordinária";6259;"Eleições Gerais Estaduais 2026";"04/10/2026";"AP";"AP";"AMAPÁ";30002532848;1;21;"Veículo automotor terrestre: caminhão, automóvel, moto, etc.";"MOTOCICLETA MARCA SHINERAY MODELO XY50 - QJETS, PLACA TGQ8530, CHASSI 99HJTS0S0TSC11847 ANO 2026/2025, COR VERMELHA";"9000,00";"29/07/2026";"14:00:25"
"01/08/2026";"19:30:07";2026;2;"Eleição Ordinária";6259;"Eleições Gerais Estaduais 2026";"04/10/2026";"AP";"AP";"AMAPÁ";30002532848;3;13;"Terreno";"SITUADO NA RUA JATOBÁ, S/N, FLORESTA TROPICAL Q 28, LOTE 12";"56000,00";"29/07/2026";"14:00:25"
"01/08/2026";"19:30:07";2026;2;"Eleição Ordinária";6259;"Eleições Gerais Estaduais 2026";"04/10/2026";"AP";"AP";"AMAPÁ";30002532848;2;13;"Terreno";"SITUADO NA RUA JATOBÁ, S/N, FLORESTA TROPICAL Q 28, LOTE 11";"56000,00";"29/07/2026";"14:00:25"
"01/08/2026";"19:30:07";2026;2;"Eleição Ordinária";6259;"Eleições Gerais Estaduais 2026";"04/10/2026";"AP";"AP";"AMAPÁ";30002533025;1;41;"Caderneta de poupança";"POUPANÇA BANCOP DO BRASIL";"2309,79";"28/07/2026";"15:57:28"
"01/08/2026";"19:30:07";2026;2;"Eleição Ordinária";6259;"Eleições Gerais Estaduais 2026";"04/10/2026";"AP";"AP";"AMAPÁ";30002533027;1;59;"Outros créditos e poupança vinculados";"POUPANÇA NO BANCO DO BRASIL";"3009,90";"29/07/2026";"18:40:29"
"01/08/2026";"19:30:07";2026;2;"Eleição Ordinária";6259;"Eleições Gerais Estaduais 2026";"04/10/2026";"AP";"AP";"AMAPÁ";30002533031;1;12;"Casa";"CASA IMÓVEL RESIDENCIAL LOCALIZADO EM SANTANA/AP";"400000,00";"28/07/2026";"15:57:28"
"01/08/2026";"19:30:07";2026;2;"Eleição Ordinária";6259;"Eleições Gerais Estaduais 2026";"04/10/2026";"AP";"AP";"AMAPÁ";30002533029;1;21;"Veículo automotor terrestre: caminhão, automóvel, moto, etc.";"AUTOMOVEL EM 2025 FIAT/ARGO DRIVE 1.0 COR BRANCA ALCOOL/GASOLINA PLACA SHV5A74 CREDOR BANCO PAN CNPJ: 59.285.411/0001-13 CONCESSIONARIA JAY VEICULOS EIRELI 27.739.090/0001-93 VALOR TOTAL DO BEM R$ 75.";"14276,00";"28/07/2026";"15:57:28"
"01/08/2026";"19:30:07";2026;2;"Eleição Ordinária";6259;"Eleições Gerais Estaduais 2026";"04/10/2026";"AP";"AP";"AMAPÁ";30002533031;4;13;"Terreno";"TERRENO RURAL TERRENO COM BENFEITORIAS (CASA)";"100000,00";"28/07/2026";"15:57:28"
"01/08/2026";"19:30:07";2026;2;"Eleição Ordinária";6259;"Eleições Gerais Estaduais 2026";"04/10/2026";"AP";"AP";"AMAPÁ";30002533031;3;21;"Veículo automotor terrestre: caminhão, automóvel, moto, etc.";"VEÍCULO NISSAN KICKS 2022";"90000,00";"28/07/2026";"15:57:28"
"01/08/2026";"19:30:07";2026;2;"Eleição Ordinária";6259;"Eleições Gerais Estaduais 2026";"04/10/2026";"AP";"AP";"AMAPÁ";30002533031;2;21;"Veículo automotor terrestre: caminhão, automóvel, moto, etc.";"VEÍCULO VOLKSWAGEN VOYAGE 2014";"30000,00";"28/07/2026";"15:57:28"
"01/08/2026";"19:30:07";2026;2;"Eleição Ordinária";6259;"Eleições Gerais Estaduais 2026";"04/10/2026";"AP";"AP";"AMAPÁ";30002533034;1;12;"Casa";"CASA DE ALVENARIA CONTENDO DOIS PAVIMENTOS";"1000000,00";"28/07/2026";"15:57:28"
"01/08/2026";"19:30:07";2026;2;"Eleição Ordinária";6259;"Eleições Gerais Estaduais 2026";"04/10/2026";"AP";"AP";"AMAPÁ";30002533034;2;41;"Caderneta de poupança";"POUPANÇA BB";"847,75";"28/07/2026";"15:57:28"
"01/08/2026";"19:30:07";2026;2;"Eleição Ordinária";6259;"Eleições Gerais Estaduais 2026";"04/10/2026";"AP";"AP";"AMAPÁ";30002533096;1;12;"Casa";"01 (UM) IMÓVEL RESIDENCIAL, CONSTITUÍDO POR CASA DE ALVENARIA, COM 2 (DOIS) PAVIMENTOS, ÁREA CONSTRUÍDA DE 420 M², LOCALIZADO NA AVENIDA 7 DE SETEMBRO, N. 2826, BAIRRO PARAÍSO, SANTANA/AP";"450000,00";"31/07/2026";"12:00:10"
"01/08/2026";"19:30:07";2026;2;"Eleição Ordinária";6259;"Eleições Gerais Estaduais 2026";"04/10/2026";"AP";"AP";"AMAPÁ";30002533097;1;21;"Veículo automotor terrestre: caminhão, automóvel, moto, etc.";"VEÍCULO VOLKSWAGEM FOX XTREME 1.6, ANO 2020/2021, VERMELHO, PLACA QLS7G09";"63000,00";"31/07/2026";"15:16:42"
"01/08/2026";"19:30:07";2026;2;"Eleição Ordinária";6259;"Eleições Gerais Estaduais 2026";"04/10/2026";"AP";"AP";"AMAPÁ";30002533097;3;12;"Casa";"UMA CASA NO CONDOMÍNIO PARQUE CONTINENTAL, FINANCIADA, SITO À AVENIDA EUROPA, QUADRA C, LOTE 23, BAIRRO RENASCER";"390000,00";"31/07/2026";"15:16:42"
"01/08/2026";"19:30:07";2026;2;"Eleição Ordinária";6259;"Eleições Gerais Estaduais 2026";"04/10/2026";"AP";"AP";"AMAPÁ";30002533097;2;21;"Veículo automotor terrestre: caminhão, automóvel, moto, etc.";"VEÍCULO VOLKSWAGEM VOYAGE 1.6 ANO 2020/2021, CINZA PLATINUM, PLACA QLS2H36";"50000,00";"31/07/2026";"15:16:42"
"01/08/2026";"19:30:07";2026;2;"Eleição Ordinária";6259;"Eleições Gerais Estaduais 2026";"04/10/2026";"AP";"AP";"AMAPÁ";30002533098;2;13;"Terreno";"01 (UMA) ÁREA A PLANTAS PERMANENTES, MEDINDO 1.000 M², LOCALIZADO NO RAMAL DO PEGA TUDO, S/N, BAIRRO DA OLARIA, NA CIDADE DE MAZAGÃO/AP, COM VALOR ESTIMADO EM R$ 400.000,00 (QUATROCENTOS MIL REAIS),";"400000,00";"31/07/2026";"14:26:37"
"01/08/2026";"19:30:07";2026;2;"Eleição Ordinária";6259;"Eleições Gerais Estaduais 2026";"04/10/2026";"AP";"AP";"AMAPÁ";30002533098;1;12;"Casa";"(UMA) RESIDENCIAL, CONSTRUÍDA EM ALVENARIA, MEDINDO 78 M², SITUADA NA RUA PRESIDENTE VARGAS N. 1387, BAIRRO DA OLARIA, C¿¿ 68940-000, NA CIDADE DE MAZAGÃO, ESTADO DO AMAPÁ,";"300000,00";"31/07/2026";"14:26:37"
"01/08/2026";"19:30:07";2026;2;"Eleição Ordinária";6259;"Eleições Gerais Estaduais 2026";"04/10/2026";"AP";"AP";"AMAPÁ";30002533097;4;11;"Apartamento";"APARTAMENTO, LOCALIZADO NO CONJUNTO VITÓRIA RÉGIA, SITO À RUA 02, BLOCO 12, APTO N0202, BAIRRO SÃO LÁZARO";"180000,00";"31/07/2026";"15:16:42"
"01/08/2026";"19:30:07";2026;2;"Eleição Ordinária";6259;"Eleições Gerais Estaduais 2026";"04/10/2026";"AP";"AP";"AMAPÁ";30002533098;3;13;"Terreno";"(UM) IMÓVEL RURAL, LOCALIZADO NO KM 10 DA RODOVIA CAMAIPI, MUNICÍPIO DE MAZAGÃO/AP,";"500000,00";"31/07/2026";"14:26:37"
"01/08/2026";"19:30:07";2026;2;"Eleição Ordinária";6259;"Eleições Gerais Estaduais 2026";"04/10/2026";"AP";"AP";"AMAPÁ";30002533098;4;13;"Terreno";"01 (UM) TERRENO URBANO LOCALIZADO NO RAMAL DO PEGA TUDO, S/N, BAIRRO DA OLARIA";"80000,00";"31/07/2026";"14:26:37"
"01/08/2026";"19:30:07";2026;2;"Eleição Ordinária";6259;"Eleições Gerais Estaduais 2026";"04/10/2026";"AP";"AP";"AMAPÁ";30002533100;1;59;"Outros créditos e poupança vinculados";"POUPANÇA OURO (BANCO DO BRASIL - 001) AGÊNCIA: 5929 CONTA: 510005745-5. CNPJ: 00.000.000/0001-91.";"81337,83";"31/07/2026";"12:33:37"
"01/08/2026";"19:30:07";2026;2;"Eleição Ordinária";6259;"Eleições Gerais Estaduais 2026";"04/10/2026";"AP";"AP";"AMAPÁ";30002533100;2;13;"Terreno";"TERRENO URBANO (LOTEAMENTO ALFAVILE - MACAPÁ/AP) LOTE URBANO 12X30 (360 M²), PASSARELA BEIRA RIO, N. 111, BAIRRO FAZENDINHA, CEP 68911-004. PAGO À VISTA";"60000,00";"31/07/2026";"12:33:37"
"01/08/2026";"19:30:07";2026;2;"Eleição Ordinária";6259;"Eleições Gerais Estaduais 2026";"04/10/2026";"AP";"AP";"AMAPÁ";30002533100;3;13;"Terreno";"TERRENO URBANO (BAIÃO/PA) TERRENO URBANO COM 807,0 M², PASSAGEM SÃO VICENTE, N. 20, BAIRRO CUMBUCÃO, CEP 68465-000. ADQUIRIDO EM 26/04/2022.";"100000,00";"31/07/2026";"12:33:37"
"01/08/2026";"19:30:07";2026;2;"Eleição Ordinária";6259;"Eleições Gerais Estaduais 2026";"04/10/2026";"AP";"AP";"AMAPÁ";30002533100;4;19;"Outros bens imóveis";"IMÓVEL RURAL (CHÁCARA SÃO JOSÉ - BAIÃO/PA) ÁREA TOTAL DE 43,0 HA, RODOVIA PA 151, N. 151, ATRÁS DA PISTA DE POUSO, BAIRRO CAMPINHO, CEP 68465-000. REG. CARTÓRIO ÚNICO DE BAIÃO-PA (MATRÍCULA: 1.853).";"100000,00";"31/07/2026";"12:33:37"
"01/08/2026";"19:30:07";2026;2;"Eleição Ordinária";6259;"Eleições Gerais Estaduais 2026";"04/10/2026";"AP";"AP";"AMAPÁ";30002533100;6;23;"Embarcação";"CASCO DE ALUMÍNIO MODELO PARU";"15000,00";"31/07/2026";"12:33:37"
"01/08/2026";"19:30:07";2026;2;"Eleição Ordinária";6259;"Eleições Gerais Estaduais 2026";"04/10/2026";"AP";"AP";"AMAPÁ";30002533100;5;23;"Embarcação";"MOTOR DE POPA MERCURY 40 HP";"15000,00";"31/07/2026";"12:33:37"
"01/08/2026";"19:30:07";2026;2;"Eleição Ordinária";6259;"Eleições Gerais Estaduais 2026";"04/10/2026";"AP";"AP";"AMAPÁ";30002533100;7;21;"Veículo automotor terrestre: caminhão, automóvel, moto, etc.";"VEÍCULO TOYOTA HILUX CDSRVA4GF RENAVAM: 01239559604.";"145000,00";"31/07/2026";"12:33:37"
"01/08/2026";"19:30:07";2026;2;"Eleição Ordinária";6259;"Eleições Gerais Estaduais 2026";"04/10/2026";"AP";"AP";"AMAPÁ";30002533100;8;21;"Veículo automotor terrestre: caminhão, automóvel, moto, etc.";"VEÍCULO PAJERO 4X4 HPE (ANO 2015) RENAVAM: 01055530506.";"100000,00";"31/07/2026";"12:33:37"
"01/08/2026";"19:30:07";2026;2;"Eleição Ordinária";6259;"Eleições Gerais Estaduais 2026";"04/10/2026";"AP";"AP";"AMAPÁ";30002533100;9;61;"Depósito bancário em conta corrente no País";"SALDO EM CONTA CORRENTE (BANCO DO BRASIL - 001) AGÊNCIA: 5929 CONTA: 5745-2. CNPJ: 00.000.000/0001-91.";"1781,08";"31/07/2026";"12:33:37"
"01/08/2026";"19:30:07";2026;2;"Eleição Ordinária";6259;"Eleições Gerais Estaduais 2026";"04/10/2026";"AP";"AP";"AMAPÁ";30002533100;10;79;"Outros fundos";"FUNDO BB AÇÕES ELETROBRAS FIF RESP. LTDA CNPJ DO FUNDO: 46.134.050/0001-62. INF. P/ CNPJ 30.822.936/0001-69.";"12000,00";"31/07/2026";"12:33:37"
"01/08/2026";"19:30:07";2026;2;"Eleição Ordinária";6259;"Eleições Gerais Estaduais 2026";"04/10/2026";"AP";"AP";"AMAPÁ";30002533101;1;13;"Terreno";"TERRENO/FRACAO - ADQUIRIDO DE CNPJ 00.359.877/0001-73 EM 26/07/2024 ¿ LOCALIZADO EM BRASÍLIA-DF (RESIDENCIAL DOS JACARANDÁS), LOTE URBANO, VALOR ESTIMADO: R$ 336.000,00, QUE SERA PAGO DA SEGUINTE FORM";"336000,00";"29/07/2026";"16:16:38"
"01/08/2026";"19:30:07";2026;2;"Eleição Ordinária";6259;"Eleições Gerais Estaduais 2026";"04/10/2026";"AP";"AP";"AMAPÁ";30002533100;11;79;"Outros fundos";"FUNDO BB AÇÕES EQUIDADE IS FIC FIF RESP. LTDA CNPJ DO FUNDO: 30.530.779/0001-18. INF. P/ CNPJ 30.822.936/0001-69.";"2900,00";"31/07/2026";"12:33:37"
"01/08/2026";"19:30:07";2026;2;"Eleição Ordinária";6259;"Eleições Gerais Estaduais 2026";"04/10/2026";"AP";"AP";"AMAPÁ";30002533100;12;79;"Outros fundos";"FUNDO BB MULTIMERCADO OURO FIF RESP. LTDA CNPJ DO FUNDO: 35.690.218/0001-08. INF. P/ CNPJ 30.822.936/0001-69";"102147,74";"31/07/2026";"12:33:37"
"01/08/2026";"19:30:07";2026;2;"Eleição Ordinária";6259;"Eleições Gerais Estaduais 2026";"04/10/2026";"AP";"AP";"AMAPÁ";30002533101;4;13;"Terreno";"TERRENO URBANO, MEDINDO 5.000 M2, LOCALIZADO NA ROD. JK, KM 05, S/N, MACAPÁ-AP, REGISTRADO JUNTO AO CARTORIO DE IMOVEIS, EM MACAPA-AP. NESTE TERRENO FORAM REALIZADAS BENFEITORIAS E CONSTRUCAO, VALOR E";"1000000,00";"29/07/2026";"16:16:38"
"01/08/2026";"19:30:07";2026;2;"Eleição Ordinária";6259;"Eleições Gerais Estaduais 2026";"04/10/2026";"AP";"AP";"AMAPÁ";30002533101;3;11;"Apartamento";"APARTAMENTO - CONJUNTO IMPERIO AMAZONICO, N.: S/N, BAIRRO: SOUZA, MUNICÍPIO: BELEM-PA, CEP: 66613-080, REGISTRADO NO CARTÓRIO: SIM, MATRÍCULA: 314.510";"250000,00";"29/07/2026";"16:16:38"
"01/08/2026";"19:30:07";2026;2;"Eleição Ordinária";6259;"Eleições Gerais Estaduais 2026";"04/10/2026";"AP";"AP";"AMAPÁ";30002533101;2;11;"Apartamento";"APARTAMENTO- ADQUIRIDO DE CNPJ 00.359.877/0001-73 EM 26/07/2024";"450000,00";"29/07/2026";"16:16:38"
"01/08/2026";"19:30:07";2026;2;"Eleição Ordinária";6259;"Eleições Gerais Estaduais 2026";"04/10/2026";"AP";"AP";"AMAPÁ";30002533103;1;12;"Casa";"50% DE IMÓVEL RESIDENCIAL LOCALIZADO NO BAIRRO CHEFE CLODOALDO, MACAPÁ/AP.";"175000,00";"31/07/2026";"13:40:39"
"01/08/2026";"19:30:07";2026;2;"Eleição Ordinária";6259;"Eleições Gerais Estaduais 2026";"04/10/2026";"AP";"AP";"AMAPÁ";30002533101;5;74;"Fundos: Ações, Mútuos de Privatização, Invest. Empresas Emergentes, Invest.Participação e Invest. Índice Mercado";"80% DO CAPITAL SOCIAL DA EMPRESA EDIFICASA EMPREENDIMENTOS LTDA., CNPJ 23.653.425/0001-03, COTAS";"1000000,00";"29/07/2026";"16:16:38"
"01/08/2026";"19:30:07";2026;2;"Eleição Ordinária";6259;"Eleições Gerais Estaduais 2026";"04/10/2026";"AP";"AP";"AMAPÁ";30002533103;2;79;"Outros fundos";"DIREITOS RELATIVOS À SEGUNDA COTA DE CONSÓRCIO DE IMÓVEL NÃO CONTEMPLADA (CANOPUS), CARTA DE CRÉDITO DE R$ 400.000,00.";"187789,04";"31/07/2026";"13:40:39"
"01/08/2026";"19:30:07";2026;2;"Eleição Ordinária";6259;"Eleições Gerais Estaduais 2026";"04/10/2026";"AP";"AP";"AMAPÁ";30002533104;2;13;"Terreno";"TERRENO LOCALIZADO NA RODOVIA JK ¿ 10.000,00";"10000,00";"31/07/2026";"14:57:08"
"01/08/2026";"19:30:07";2026;2;"Eleição Ordinária";6259;"Eleições Gerais Estaduais 2026";"04/10/2026";"AP";"AP";"AMAPÁ";30002533104;1;59;"Outros créditos e poupança vinculados";"SALDO EM POUPANÇA";"383,52";"31/07/2026";"14:57:08"
"01/08/2026";"19:30:07";2026;2;"Eleição Ordinária";6259;"Eleições Gerais Estaduais 2026";"04/10/2026";"AP";"AP";"AMAPÁ";30002533103;3;79;"Outros fundos";"DIREITOS RELATIVOS À COTA DE CONSÓRCIO DE IMÓVEL NÃO CONTEMPLADA (CANOPUS), CARTA DE CRÉDITO DE R$ 400.000,00.";"6399,04";"31/07/2026";"13:40:39"
"01/08/2026";"19:30:07";2026;2;"Eleição Ordinária";6259;"Eleições Gerais Estaduais 2026";"04/10/2026";"AP";"AP";"AMAPÁ";30002533104;5;12;"Casa";"RESIDÊNCIA DOMICILIAR E TERRENO DE PROPRIEDADE DO CONTRIBUINTE NO JARDIM MARCO";"490000,00";"31/07/2026";"14:57:08"
"01/08/2026";"19:30:07";2026;2;"Eleição Ordinária";6259;"Eleições Gerais Estaduais 2026";"04/10/2026";"AP";"AP";"AMAPÁ";30002533104;4;21;"Veículo automotor terrestre: caminhão, automóvel, moto, etc.";"CARRO TOYOTA COROLLA";"65000,00";"31/07/2026";"14:57:08"
"01/08/2026";"19:30:07";2026;2;"Eleição Ordinária";6259;"Eleições Gerais Estaduais 2026";"04/10/2026";"AP";"AP";"AMAPÁ";30002533104;3;61;"Depósito bancário em conta corrente no País";"SALDO EM CONTA CORRENTE";"8976,97";"31/07/2026";"14:57:08"
"01/08/2026";"19:30:07";2026;2;"Eleição Ordinária";6259;"Eleições Gerais Estaduais 2026";"04/10/2026";"AP";"AP";"AMAPÁ";30002533105;1;12;"Casa";"(CASA) SITUADO NO ENDEREÇO: RUA 3, N. 55, - CONJ. HOSPITAL DE BASE BURITIZAL ¿ MACAPÁ,";"100000,00";"29/07/2026";"16:19:38"
"01/08/2026";"19:30:07";2026;2;"Eleição Ordinária";6259;"Eleições Gerais Estaduais 2026";"04/10/2026";"AP";"AP";"AMAPÁ";30002533107;1;21;"Veículo automotor terrestre: caminhão, automóvel, moto, etc.";"MARCA/MODELO: FORD/FIESTA FLEX";"20000,00";"29/07/2026";"16:19:38"
"01/08/2026";"19:30:07";2026;2;"Eleição Ordinária";6259;"Eleições Gerais Estaduais 2026";"04/10/2026";"AP";"AP";"AMAPÁ";30002533108;1;61;"Depósito bancário em conta corrente no País";"SALDO EM CONTA POUPANCA OURO JUNTO AO BANCO DO BRASIL S/A";"165495,00";"29/07/2026";"16:19:38"
"01/08/2026";"19:30:07";2026;2;"Eleição Ordinária";6259;"Eleições Gerais Estaduais 2026";"04/10/2026";"AP";"AP";"AMAPÁ";30002533108;3;12;"Casa";"01 12 IMOVEL RESIDENCIAL LOCALIZADO NA RODOVIA BR 156 KM 363 S/N, ZONA RURAL, MUNICIPIO DE FERREIRA GOMES-AP";"35,00";"29/07/2026";"16:19:38"
"01/08/2026";"19:30:07";2026;2;"Eleição Ordinária";6259;"Eleições Gerais Estaduais 2026";"04/10/2026";"AP";"AP";"AMAPÁ";30002533108;2;12;"Casa";"AQUISICAO DE IMOVEL SITUADO NA AVENIDA PRINCESA ISABEL, NO 1150, BAIRRO CENTRAL, MUNICIPIO DE SANTANA";"80,00";"29/07/2026";"16:19:38"
"01/08/2026";"19:30:07";2026;2;"Eleição Ordinária";6259;"Eleições Gerais Estaduais 2026";"04/10/2026";"AP";"AP";"AMAPÁ";30002533108;4;21;"Veículo automotor terrestre: caminhão, automóvel, moto, etc.";"VEICULO TIPO JEEP/COMPASS LIMITED, ANO/MODELO 2023/2023, COR BRANCA, CHASSI 988675139PKM20975 ADQUIRIDO JUNTO A VIA MARCONI VEICULOS LTDA CNPJ 00.512.663/0010-86 EM 14/08/2023";"279,90";"29/07/2026";"16:19:38"
"01/08/2026";"19:30:07";2026;2;"Eleição Ordinária";6259;"Eleições Gerais Estaduais 2026";"04/10/2026";"AP";"AP";"AMAPÁ";30002533112;1;13;"Terreno";"TERRENO NO MUNICIPIO DE SANTANA";"80000,00";"31/07/2026";"11:34:20"
"01/08/2026";"19:30:07";2026;2;"Eleição Ordinária";6259;"Eleições Gerais Estaduais 2026";"04/10/2026";"AP";"AP";"AMAPÁ";30002533110;1;21;"Veículo automotor terrestre: caminhão, automóvel, moto, etc.";"VEÍCULO AUTOMOTOR ¿ TOYOTA HILUX SWDMDA 4MD (PRETA, 2022)";"346229,00";"31/07/2026";"13:08:24"
"01/08/2026";"19:30:07";2026;2;"Eleição Ordinária";6259;"Eleições Gerais Estaduais 2026";"04/10/2026";"AP";"AP";"AMAPÁ";30002533110;2;79;"Outros fundos";"PARTICIPAÇÃO SOCIETÁRIA ¿ LOGÍSTICA AMBIENTAL LTDA. (CNPJ: 32.504.472/0001-78)";"5940000,00";"31/07/2026";"13:08:24"
"01/08/2026";"19:30:07";2026;2;"Eleição Ordinária";6259;"Eleições Gerais Estaduais 2026";"04/10/2026";"AP";"AP";"AMAPÁ";30002533112;3;13;"Terreno";"TERRONO FONTE NOVA SANTANA";"80000,00";"31/07/2026";"11:34:20"
"01/08/2026";"19:30:07";2026;2;"Eleição Ordinária";6259;"Eleições Gerais Estaduais 2026";"04/10/2026";"AP";"AP";"AMAPÁ";30002533112;2;12;"Casa";"UMA CASA";"320000,00";"31/07/2026";"11:34:20"
"01/08/2026";"19:30:07";2026;2;"Eleição Ordinária";6259;"Eleições Gerais Estaduais 2026";"04/10/2026";"AP";"AP";"AMAPÁ";30002533112;4;21;"Veículo automotor terrestre: caminhão, automóvel, moto, etc.";"MODELO TORO";"95000,00";"31/07/2026";"11:34:20"
"01/08/2026";"19:30:07";2026;2;"Eleição Ordinária";6259;"Eleições Gerais Estaduais 2026";"04/10/2026";"AP";"AP";"AMAPÁ";30002533113;1;21;"Veículo automotor terrestre: caminhão, automóvel, moto, etc.";"MODELO COROLLA 2.0 16V XEI, ANO E MODELO 2019. RENAVAM:";"97500000,00";"29/07/2026";"16:19:38"
"01/08/2026";"19:30:07";2026;2;"Eleição Ordinária";6259;"Eleições Gerais Estaduais 2026";"04/10/2026";"AP";"AP";"AMAPÁ";30002533114;1;12;"Casa";"RESIDÊNCIA SITUADA NA TRAVESSA RIO FLEXAL, N 332, ACQUAVILLE TUCUNARÉ";"400,00";"30/07/2026";"17:55:50"
"01/08/2026";"19:30:07";2026;2;"Eleição Ordinária";6259;"Eleições Gerais Estaduais 2026";"04/10/2026";"AP";"AP";"AMAPÁ";30002533114;2;21;"Veículo automotor terrestre: caminhão, automóvel, moto, etc.";"VEÍCULO AUTOMOTOR, AGILE LTZ 1.4 FLEX, ANO 2012 PLACA: NEK 8263";"30,00";"30/07/2026";"17:55:50"
"01/08/2026";"19:30:07";2026;2;"Eleição Ordinária";6259;"Eleições Gerais Estaduais 2026";"04/10/2026";"AP";"AP";"AMAPÁ";30002533115;1;12;"Casa";"IMOVEL RESIDENCIAL MEDINDO 12 METROS DE FRENTE, POR 30 METROS DE COMPRIMENTO, CONTENDO UMA CASA EM ALVENARIA, LOCALIZADA NA RUA DELEGADO ANTONIO MELO, N. 697, CONGOS, MACAPA- AP, CEP. 68.904-382.";"95000,00";"31/07/2026";"13:42:58"
"01/08/2026";"19:30:07";2026;2;"Eleição Ordinária";6259;"Eleições Gerais Estaduais 2026";"04/10/2026";"AP";"AP";"AMAPÁ";30002533116;1;12;"Casa";"01 ¿ CASA MISTA MEDINDO 8X12 MTS";"80000,00";"31/07/2026";"13:59:26"
"01/08/2026";"19:30:07";2026;2;"Eleição Ordinária";6259;"Eleições Gerais Estaduais 2026";"04/10/2026";"AP";"AP";"AMAPÁ";30002533114;3;61;"Depósito bancário em conta corrente no País";"4. SALDO EM CONTA CORRENTE NO BANCO CAIXA ECONÔMICA FEDERAL, AGÊNCIA: 3102 CONTA: 585601768-0, SALDO: (R$ - 23,80) 5. SALDO EM CONTA CORRENTE NO BANCO DO BRASIL, AGÊNCIA: 3346-4 CONTA: 37771-6, SALDO:";"510,00";"30/07/2026";"17:55:50"
"01/08/2026";"19:30:07";2026;2;"Eleição Ordinária";6259;"Eleições Gerais Estaduais 2026";"04/10/2026";"AP";"AP";"AMAPÁ";30002533117;1;13;"Terreno";"22X40 METROS";"50000,00";"30/07/2026";"18:29:15"
"01/08/2026";"19:30:07";2026;2;"Eleição Ordinária";6259;"Eleições Gerais Estaduais 2026";"04/10/2026";"AP";"AP";"AMAPÁ";30002533116;2;12;"Casa";"01 ¿ CASA EM ALVENARIA MEDINDO 12X18 MTS";"300000,00";"31/07/2026";"13:59:26"
"01/08/2026";"19:30:07";2026;2;"Eleição Ordinária";6259;"Eleições Gerais Estaduais 2026";"04/10/2026";"AP";"AP";"AMAPÁ";30002533117;2;21;"Veículo automotor terrestre: caminhão, automóvel, moto, etc.";"HILLUX TOIOTA";"150000,00";"30/07/2026";"18:29:15"
"01/08/2026";"19:30:07";2026;2;"Eleição Ordinária";6259;"Eleições Gerais Estaduais 2026";"04/10/2026";"AP";"AP";"AMAPÁ";30002533117;3;12;"Casa";"10X40 METROS";"250000,00";"30/07/2026";"18:29:15"
"01/08/2026";"19:30:07";2026;2;"Eleição Ordinária";6259;"Eleições Gerais Estaduais 2026";"04/10/2026";"AP";"AP";"AMAPÁ";30002533120;2;21;"Veículo automotor terrestre: caminhão, automóvel, moto, etc.";"HONDA CIVIC 2007";"20000000,00";"31/07/2026";"12:49:37"
"01/08/2026";"19:30:07";2026;2;"Eleição Ordinária";6259;"Eleições Gerais Estaduais 2026";"04/10/2026";"AP";"AP";"AMAPÁ";30002533120;1;12;"Casa";"CASA ALVENARIA";"100000,00";"31/07/2026";"12:49:37"
"01/08/2026";"19:30:07";2026;2;"Eleição Ordinária";6259;"Eleições Gerais Estaduais 2026";"04/10/2026";"AP";"AP";"AMAPÁ";30002533717;1;21;"Veículo automotor terrestre: caminhão, automóvel, moto, etc.";"NISSAN V DRIVE";"72000,00";"31/07/2026";"12:44:50"
"01/08/2026";"19:30:07";2026;2;"Eleição Ordinária";6259;"Eleições Gerais Estaduais 2026";"04/10/2026";"AP";"AP";"AMAPÁ";30002533718;1;45;"Aplicação de renda fixa (CDB, RDB e outros)";"APLICAÇÃO FINANCEIRA EM RBD";"88870,07";"29/07/2026";"18:58:38"
"01/08/2026";"19:30:07";2026;2;"Eleição Ordinária";6259;"Eleições Gerais Estaduais 2026";"04/10/2026";"AP";"AP";"AMAPÁ";30002533719;1;21;"Veículo automotor terrestre: caminhão, automóvel, moto, etc.";"NIVUS VOLKSWAGEN HL TSI";"147475,22";"29/07/2026";"18:58:38"
"01/08/2026";"19:30:07";2026;2;"Eleição Ordinária";6259;"Eleições Gerais Estaduais 2026";"04/10/2026";"AP";"AP";"AMAPÁ";30002533719;2;12;"Casa";"IMÓVEL RESIDENCIAL";"1200000,00";"29/07/2026";"18:58:38"
"01/08/2026";"19:30:07";2026;2;"Eleição Ordinária";6259;"Eleições Gerais Estaduais 2026";"04/10/2026";"AP";"AP";"AMAPÁ";30002533719;3;21;"Veículo automotor terrestre: caminhão, automóvel, moto, etc.";"HILUX-TOYOTA, PRETA, ANO 2022";"200000,00";"29/07/2026";"18:58:38"
"01/08/2026";"19:30:07";2026;2;"Eleição Ordinária";6259;"Eleições Gerais Estaduais 2026";"04/10/2026";"AP";"AP";"AMAPÁ";30002533719;4;21;"Veículo automotor terrestre: caminhão, automóvel, moto, etc.";"YARIS-TOYOTA HA PLS15CNT";"99944,23";"29/07/2026";"18:58:38"
"01/08/2026";"19:30:07";2026;2;"Eleição Ordinária";6259;"Eleições Gerais Estaduais 2026";"04/10/2026";"AP";"AP";"AMAPÁ";30002533720;2;59;"Outros créditos e poupança vinculados";"INFORMADO POR CNPJ: 00.000.000/0001-91";"75981,26";"29/07/2026";"18:58:38"
"01/08/2026";"19:30:07";2026;2;"Eleição Ordinária";6259;"Eleições Gerais Estaduais 2026";"04/10/2026";"AP";"AP";"AMAPÁ";30002533720;1;39;"Outras participações societárias";"50% DO CAPITAL SOCIAL DE EMPRESA";"30000,00";"29/07/2026";"18:58:38"
"01/08/2026";"19:30:07";2026;2;"Eleição Ordinária";6259;"Eleições Gerais Estaduais 2026";"04/10/2026";"AP";"AP";"AMAPÁ";30002533720;3;79;"Outros fundos";"FUNDO DE INVESTIMENTO EM COTAS";"5142,94";"29/07/2026";"18:58:38"
"01/08/2026";"19:30:07";2026;2;"Eleição Ordinária";6259;"Eleições Gerais Estaduais 2026";"04/10/2026";"AP";"AP";"AMAPÁ";30002533720;4;59;"Outros créditos e poupança vinculados";"INFORMADO POR CNPJ: 00.000.000/0001-91";"93374,38";"29/07/2026";"18:58:38"
"01/08/2026";"19:30:07";2026;2;"Eleição Ordinária";6259;"Eleições Gerais Estaduais 2026";"04/10/2026";"AP";"AP";"AMAPÁ";30002533720;5;39;"Outras participações societárias";"CAPITAL SOCIAL DE EMPRESA";"72400,00";"29/07/2026";"18:58:38"
"01/08/2026";"19:30:07";2026;2;"Eleição Ordinária";6259;"Eleições Gerais Estaduais 2026";"04/10/2026";"AP";"AP";"AMAPÁ";30002533721;1;21;"Veículo automotor terrestre: caminhão, automóvel, moto, etc.";"TOYOTA/COROLLA APREMIUMH";"143798,00";"29/07/2026";"18:58:38"
"01/08/2026";"19:30:07";2026;2;"Eleição Ordinária";6259;"Eleições Gerais Estaduais 2026";"04/10/2026";"AP";"AP";"AMAPÁ";30002533723;3;13;"Terreno";"LOTE - RESIDENCIAL AMAZONAS";"100000,00";"29/07/2026";"18:58:38"
"01/08/2026";"19:30:07";2026;2;"Eleição Ordinária";6259;"Eleições Gerais Estaduais 2026";"04/10/2026";"AP";"AP";"AMAPÁ";30002533723;2;13;"Terreno";"LOTE RURAL MEDINDO 10X30";"10000,00";"29/07/2026";"18:58:38"
"01/08/2026";"19:30:07";2026;2;"Eleição Ordinária";6259;"Eleições Gerais Estaduais 2026";"04/10/2026";"AP";"AP";"AMAPÁ";30002533723;1;21;"Veículo automotor terrestre: caminhão, automóvel, moto, etc.";"PICAPI - S10";"70000,00";"29/07/2026";"18:58:38"
"01/08/2026";"19:30:07";2026;2;"Eleição Ordinária";6259;"Eleições Gerais Estaduais 2026";"04/10/2026";"AP";"AP";"AMAPÁ";30002533723;4;12;"Casa";"CASA EM ALVENARIA";"100000,00";"29/07/2026";"18:58:38"
"01/08/2026";"19:30:07";2026;2;"Eleição Ordinária";6259;"Eleições Gerais Estaduais 2026";"04/10/2026";"AP";"AP";"AMAPÁ";30002533727;1;12;"Casa";"IMÓVEL RESIDENCIAL, SETOR 00001, QUADRA 00112, LOTE 0214";"750000,00";"29/07/2026";"18:58:38"
"01/08/2026";"19:30:07";2026;2;"Eleição Ordinária";6259;"Eleições Gerais Estaduais 2026";"04/10/2026";"AP";"AP";"AMAPÁ";30002533727;2;61;"Depósito bancário em conta corrente no País";"CONTA CORRENTE, BANCO DO BRASIL";"13801,17";"29/07/2026";"18:58:38"
"01/08/2026";"19:30:07";2026;2;"Eleição Ordinária";6259;"Eleições Gerais Estaduais 2026";"04/10/2026";"AP";"AP";"AMAPÁ";30002533727;5;59;"Outros créditos e poupança vinculados";"POUPANÇA OURO";"1103,94";"29/07/2026";"18:58:38"
"01/08/2026";"19:30:07";2026;2;"Eleição Ordinária";6259;"Eleições Gerais Estaduais 2026";"04/10/2026";"AP";"AP";"AMAPÁ";30002533727;4;59;"Outros créditos e poupança vinculados";"CONTA ESTILO";"38964,92";"29/07/2026";"18:58:38"
"01/08/2026";"19:30:07";2026;2;"Eleição Ordinária";6259;"Eleições Gerais Estaduais 2026";"04/10/2026";"AP";"AP";"AMAPÁ";30002533727;3;21;"Veículo automotor terrestre: caminhão, automóvel, moto, etc.";"VEÍCULO MARCA/MODELO HONDA NEW HR V EX CVT";"232755,80";"29/07/2026";"18:58:38"
"01/08/2026";"19:30:07";2026;2;"Eleição Ordinária";6259;"Eleições Gerais Estaduais 2026";"04/10/2026";"AP";"AP";"AMAPÁ";30002533728;3;19;"Outros bens imóveis";"CHACARA AREA RURAL";"200000,00";"31/07/2026";"12:25:02"
"01/08/2026";"19:30:07";2026;2;"Eleição Ordinária";6259;"Eleições Gerais Estaduais 2026";"04/10/2026";"AP";"AP";"AMAPÁ";30002533728;1;12;"Casa";"CASA EM ALVENARIA EM 3 PAVIMENTOS";"1000000,00";"31/07/2026";"12:25:02"
"01/08/2026";"19:30:07";2026;2;"Eleição Ordinária";6259;"Eleições Gerais Estaduais 2026";"04/10/2026";"AP";"AP";"AMAPÁ";30002533728;2;21;"Veículo automotor terrestre: caminhão, automóvel, moto, etc.";"VEÍCULO S10";"120000,00";"31/07/2026";"12:25:02"
