"DT_GERACAO";"HH_GERACAO";"ANO_ELEICAO";"CD_TIPO_ELEICAO";"NM_TIPO_ELEICAO";"NR_TURNO";"CD_ELEICAO";"DS_ELEICAO";"DT_ELEICAO";"SG_UF";"SG_UE";"NM_UE";"CD_CARGO";"DS_CARGO";"TP_AGREMIACAO";"NR_PARTIDO";"SG_PARTIDO";"NM_PARTIDO";"NR_FEDERACAO";"NM_FEDERACAO";"SG_FEDERACAO";"DS_COMPOSICAO_FEDERACAO";"SQ_COLIGACAO";"NM_COLIGACAO";"DS_COMPOSICAO_COLIGACAO";"CD_SITUACAO_LEGENDA";"DS_SITUACAO";"NM_TIPO_DESTINACAO_VOTOS"
"08/08/2026";"19:30:40";2026;2;"ELEIÇÃO ORDINÁRIA";1;6259;"Eleições Gerais Estaduais 2026";"04/10/2026";"RN";"RN";"RIO GRANDE DO NORTE";4;"VICE-GOVERNADOR";"COLIGAÇÃO";40;"PSB";"PARTIDO SOCIALISTA BRASILEIRO";-1;"#NULO";"#NULO";"#NULO";200001800178;"TIME QUE CUIDA";"PDT / PSB / FEDERAÇÃO BRASIL DA ESPERANÇA - FE BRASIL(PT/PC do B/PV)";"A";"AGUARDANDO JULGAMENTO";"#NE"
"08/08/2026";"19:30:40";2026;2;"ELEIÇÃO ORDINÁRIA";1;6259;"Eleições Gerais Estaduais 2026";"04/10/2026";"RN";"RN";"RIO GRANDE DO NORTE";9;"1º SUPLENTE";"COLIGAÇÃO";12;"PDT";"PARTIDO DEMOCRÁTICO TRABALHISTA";-1;"#NULO";"#NULO";"#NULO";200001800192;"TIME QUE CUIDA";"PDT / PSB / FEDERAÇÃO BRASIL DA ESPERANÇA - FE BRASIL(PT/PC do B/PV)";"A";"AGUARDANDO JULGAMENTO";"#NE"
"08/08/2026";"19:30:40";2026;2;"ELEIÇÃO ORDINÁRIA";1;6259;"Eleições Gerais Estaduais 2026";"04/10/2026";"RN";"RN";"RIO GRANDE DO NORTE";5;"SENADOR";"COLIGAÇÃO";11;"PP";"PROGRESSISTAS";104;"FEDERAÇÃO UNIÃO PROGRESSISTA";"44-UNIÃO/11-PP";"44-UNIÃO/11-PP";200001800248;"ESPERANÇA E TRABALHO";"REPUBLICANOS / MDB / PSD / FEDERAÇÃO RENOVAÇÃO SOLIDÁRIA(25-PRD/77-SOLIDARIEDADE) / FEDERAÇÃO UNIÃO PROGRESSISTA(44-UNIÃO/11-PP) / AVANTE";"A";"AGUARDANDO JULGAMENTO";"#NE"
"08/08/2026";"19:30:40";2026;2;"ELEIÇÃO ORDINÁRIA";1;6259;"Eleições Gerais Estaduais 2026";"04/10/2026";"RN";"RN";"RIO GRANDE DO NORTE";10;"2º SUPLENTE";"COLIGAÇÃO";70;"AVANTE";"AVANTE";-1;"#NULO";"#NULO";"#NULO";200001800248;"ESPERANÇA E TRABALHO";"REPUBLICANOS / MDB / PSD / FEDERAÇÃO RENOVAÇÃO SOLIDÁRIA(25-PRD/77-SOLIDARIEDADE) / FEDERAÇÃO UNIÃO PROGRESSISTA(44-UNIÃO/11-PP) / AVANTE";"A";"AGUARDANDO JULGAMENTO";"#NE"
"08/08/2026";"19:30:40";2026;2;"ELEIÇÃO ORDINÁRIA";1;6259;"Eleições Gerais Estaduais 2026";"04/10/2026";"RN";"RN";"RIO GRANDE DO NORTE";10;"2º SUPLENTE";"COLIGAÇÃO";30;"NOVO";"PARTIDO NOVO";-1;"#NULO";"#NULO";"#NULO";200001800164;"ENDIREITA RN";"PODE / PL / NOVO / FEDERAÇÃO PSDB CIDADANIA(PSDB/CIDADANIA)";"A";"AGUARDANDO JULGAMENTO";"#NE"
"08/08/2026";"19:30:40";2026;2;"ELEIÇÃO ORDINÁRIA";1;6259;"Eleições Gerais Estaduais 2026";"04/10/2026";"RN";"RN";"RIO GRANDE DO NORTE";9;"1º SUPLENTE";"COLIGAÇÃO";25;"PRD";"PARTIDO RENOVACAO DEMOCRATICA";103;"FEDERAÇÃO RENOVAÇÃO SOLIDÁRIA";"25-PRD/77-SOLIDARIEDADE";"25-PRD/77-SOLIDARIEDADE";200001800248;"ESPERANÇA E TRABALHO";"REPUBLICANOS / MDB / PSD / FEDERAÇÃO RENOVAÇÃO SOLIDÁRIA(25-PRD/77-SOLIDARIEDADE) / FEDERAÇÃO UNIÃO PROGRESSISTA(44-UNIÃO/11-PP) / AVANTE";"A";"AGUARDANDO JULGAMENTO";"#NE"
"08/08/2026";"19:30:40";2026;2;"ELEIÇÃO ORDINÁRIA";1;6259;"Eleições Gerais Estaduais 2026";"04/10/2026";"RN";"RN";"RIO GRANDE DO NORTE";10;"2º SUPLENTE";"COLIGAÇÃO";55;"PSD";"PARTIDO SOCIAL DEMOCRÁTICO";-1;"#NULO";"#NULO";"#NULO";200001800248;"ESPERANÇA E TRABALHO";"REPUBLICANOS / MDB / PSD / FEDERAÇÃO RENOVAÇÃO SOLIDÁRIA(25-PRD/77-SOLIDARIEDADE) / FEDERAÇÃO UNIÃO PROGRESSISTA(44-UNIÃO/11-PP) / AVANTE";"A";"AGUARDANDO JULGAMENTO";"#NE"
"08/08/2026";"19:30:40";2026;2;"ELEIÇÃO ORDINÁRIA";1;6259;"Eleições Gerais Estaduais 2026";"04/10/2026";"RN";"RN";"RIO GRANDE DO NORTE";3;"GOVERNADOR";"COLIGAÇÃO";45;"PSDB";"PARTIDO DA SOCIAL DEMOCRACIA BRASILEIRA";100;"FEDERAÇÃO PSDB CIDADANIA";"PSDB/CIDADANIA";"PSDB/CIDADANIA";200001800163;"ENDIREITA RN";"PODE / PL / NOVO / FEDERAÇÃO PSDB CIDADANIA(PSDB/CIDADANIA)";"A";"AGUARDANDO JULGAMENTO";"#NE"
"08/08/2026";"19:30:40";2026;2;"ELEIÇÃO ORDINÁRIA";1;6259;"Eleições Gerais Estaduais 2026";"04/10/2026";"RN";"RN";"RIO GRANDE DO NORTE";6;"DEPUTADO FEDERAL";"FEDERAÇÃO";45;"PSDB";"PARTIDO DA SOCIAL DEMOCRACIA BRASILEIRA";100;"FEDERAÇÃO PSDB CIDADANIA";"PSDB/CIDADANIA";"PSDB/CIDADANIA";200001800428;"#NULO";"FEDERAÇÃO PSDB CIDADANIA(PSDB/CIDADANIA)";"A";"AGUARDANDO JULGAMENTO";"#NE"
"08/08/2026";"19:30:40";2026;2;"ELEIÇÃO ORDINÁRIA";1;6259;"Eleições Gerais Estaduais 2026";"04/10/2026";"RN";"RN";"RIO GRANDE DO NORTE";9;"1º SUPLENTE";"COLIGAÇÃO";23;"CIDADANIA";"CIDADANIA";100;"FEDERAÇÃO PSDB CIDADANIA";"PSDB/CIDADANIA";"PSDB/CIDADANIA";200001800164;"ENDIREITA RN";"PODE / PL / NOVO / FEDERAÇÃO PSDB CIDADANIA(PSDB/CIDADANIA)";"A";"AGUARDANDO JULGAMENTO";"#NE"
"08/08/2026";"19:30:40";2026;2;"ELEIÇÃO ORDINÁRIA";1;6259;"Eleições Gerais Estaduais 2026";"04/10/2026";"RN";"RN";"RIO GRANDE DO NORTE";3;"GOVERNADOR";"COLIGAÇÃO";20;"PODE";"PODEMOS";-1;"#NULO";"#NULO";"#NULO";200001800163;"ENDIREITA RN";"PODE / PL / NOVO / FEDERAÇÃO PSDB CIDADANIA(PSDB/CIDADANIA)";"A";"AGUARDANDO JULGAMENTO";"#NE"
"08/08/2026";"19:30:40";2026;2;"ELEIÇÃO ORDINÁRIA";1;6259;"Eleições Gerais Estaduais 2026";"04/10/2026";"RN";"RN";"RIO GRANDE DO NORTE";4;"VICE-GOVERNADOR";"COLIGAÇÃO";25;"PRD";"PARTIDO RENOVACAO DEMOCRATICA";103;"FEDERAÇÃO RENOVAÇÃO SOLIDÁRIA";"25-PRD/77-SOLIDARIEDADE";"25-PRD/77-SOLIDARIEDADE";200001800267;"ESPERANÇA E TRABALHO ";"REPUBLICANOS / MDB / PSD / AVANTE / FEDERAÇÃO RENOVAÇÃO SOLIDÁRIA(25-PRD/77-SOLIDARIEDADE) / FEDERAÇÃO UNIÃO PROGRESSISTA(44-UNIÃO/11-PP)";"A";"AGUARDANDO JULGAMENTO";"#NE"
"08/08/2026";"19:30:40";2026;2;"ELEIÇÃO ORDINÁRIA";1;6259;"Eleições Gerais Estaduais 2026";"04/10/2026";"RN";"RN";"RIO GRANDE DO NORTE";5;"SENADOR";"COLIGAÇÃO";40;"PSB";"PARTIDO SOCIALISTA BRASILEIRO";-1;"#NULO";"#NULO";"#NULO";200001800192;"TIME QUE CUIDA";"PDT / PSB / FEDERAÇÃO BRASIL DA ESPERANÇA - FE BRASIL(PT/PC do B/PV)";"A";"AGUARDANDO JULGAMENTO";"#NE"
"08/08/2026";"19:30:40";2026;2;"ELEIÇÃO ORDINÁRIA";1;6259;"Eleições Gerais Estaduais 2026";"04/10/2026";"RN";"RN";"RIO GRANDE DO NORTE";10;"2º SUPLENTE";"COLIGAÇÃO";77;"SOLIDARIEDADE";"SOLIDARIEDADE";103;"FEDERAÇÃO RENOVAÇÃO SOLIDÁRIA";"25-PRD/77-SOLIDARIEDADE";"25-PRD/77-SOLIDARIEDADE";200001800248;"ESPERANÇA E TRABALHO";"REPUBLICANOS / MDB / PSD / FEDERAÇÃO RENOVAÇÃO SOLIDÁRIA(25-PRD/77-SOLIDARIEDADE) / FEDERAÇÃO UNIÃO PROGRESSISTA(44-UNIÃO/11-PP) / AVANTE";"A";"AGUARDANDO JULGAMENTO";"#NE"
"08/08/2026";"19:30:40";2026;2;"ELEIÇÃO ORDINÁRIA";1;6259;"Eleições Gerais Estaduais 2026";"04/10/2026";"RN";"RN";"RIO GRANDE DO NORTE";6;"DEPUTADO FEDERAL";"FEDERAÇÃO";65;"PCDOB";"PARTIDO COMUNISTA DO BRASIL";101;"FEDERAÇÃO BRASIL DA ESPERANÇA - FE BRASIL";"PT/PC do B/PV";"PT/PC do B/PV";200001800194;"#NULO";"FEDERAÇÃO BRASIL DA ESPERANÇA - FE BRASIL(PT/PC do B/PV)";"A";"AGUARDANDO JULGAMENTO";"#NE"
"08/08/2026";"19:30:40";2026;2;"ELEIÇÃO ORDINÁRIA";1;6259;"Eleições Gerais Estaduais 2026";"04/10/2026";"RN";"RN";"RIO GRANDE DO NORTE";4;"VICE-GOVERNADOR";"COLIGAÇÃO";70;"AVANTE";"AVANTE";-1;"#NULO";"#NULO";"#NULO";200001800267;"ESPERANÇA E TRABALHO ";"REPUBLICANOS / MDB / PSD / AVANTE / FEDERAÇÃO RENOVAÇÃO SOLIDÁRIA(25-PRD/77-SOLIDARIEDADE) / FEDERAÇÃO UNIÃO PROGRESSISTA(44-UNIÃO/11-PP)";"A";"AGUARDANDO JULGAMENTO";"#NE"
"08/08/2026";"19:30:40";2026;2;"ELEIÇÃO ORDINÁRIA";1;6259;"Eleições Gerais Estaduais 2026";"04/10/2026";"RN";"RN";"RIO GRANDE DO NORTE";10;"2º SUPLENTE";"COLIGAÇÃO";15;"MDB";"MOVIMENTO DEMOCRÁTICO BRASILEIRO";-1;"#NULO";"#NULO";"#NULO";200001800248;"ESPERANÇA E TRABALHO";"REPUBLICANOS / MDB / PSD / FEDERAÇÃO RENOVAÇÃO SOLIDÁRIA(25-PRD/77-SOLIDARIEDADE) / FEDERAÇÃO UNIÃO PROGRESSISTA(44-UNIÃO/11-PP) / AVANTE";"A";"AGUARDANDO JULGAMENTO";"#NE"
"08/08/2026";"19:30:40";2026;2;"ELEIÇÃO ORDINÁRIA";1;6259;"Eleições Gerais Estaduais 2026";"04/10/2026";"RN";"RN";"RIO GRANDE DO NORTE";9;"1º SUPLENTE";"COLIGAÇÃO";30;"NOVO";"PARTIDO NOVO";-1;"#NULO";"#NULO";"#NULO";200001800164;"ENDIREITA RN";"PODE / PL / NOVO / FEDERAÇÃO PSDB CIDADANIA(PSDB/CIDADANIA)";"A";"AGUARDANDO JULGAMENTO";"#NE"
"08/08/2026";"19:30:40";2026;2;"ELEIÇÃO ORDINÁRIA";1;6259;"Eleições Gerais Estaduais 2026";"04/10/2026";"RN";"RN";"RIO GRANDE DO NORTE";9;"1º SUPLENTE";"COLIGAÇÃO";15;"MDB";"MOVIMENTO DEMOCRÁTICO BRASILEIRO";-1;"#NULO";"#NULO";"#NULO";200001800248;"ESPERANÇA E TRABALHO";"REPUBLICANOS / MDB / PSD / FEDERAÇÃO RENOVAÇÃO SOLIDÁRIA(25-PRD/77-SOLIDARIEDADE) / FEDERAÇÃO UNIÃO PROGRESSISTA(44-UNIÃO/11-PP) / AVANTE";"A";"AGUARDANDO JULGAMENTO";"#NE"
"08/08/2026";"19:30:40";2026;2;"ELEIÇÃO ORDINÁRIA";1;6259;"Eleições Gerais Estaduais 2026";"04/10/2026";"RN";"RN";"RIO GRANDE DO NORTE";10;"2º SUPLENTE";"COLIGAÇÃO";10;"REPUBLICANOS";"REPUBLICANOS";-1;"#NULO";"#NULO";"#NULO";200001800248;"ESPERANÇA E TRABALHO";"REPUBLICANOS / MDB / PSD / FEDERAÇÃO RENOVAÇÃO SOLIDÁRIA(25-PRD/77-SOLIDARIEDADE) / FEDERAÇÃO UNIÃO PROGRESSISTA(44-UNIÃO/11-PP) / AVANTE";"A";"AGUARDANDO JULGAMENTO";"#NE"
"08/08/2026";"19:30:40";2026;2;"ELEIÇÃO ORDINÁRIA";1;6259;"Eleições Gerais Estaduais 2026";"04/10/2026";"RN";"RN";"RIO GRANDE DO NORTE";10;"2º SUPLENTE";"COLIGAÇÃO";22;"PL";"PARTIDO LIBERAL";-1;"#NULO";"#NULO";"#NULO";200001800164;"ENDIREITA RN";"PODE / PL / NOVO / FEDERAÇÃO PSDB CIDADANIA(PSDB/CIDADANIA)";"A";"AGUARDANDO JULGAMENTO";"#NE"
"08/08/2026";"19:30:40";2026;2;"ELEIÇÃO ORDINÁRIA";1;6259;"Eleições Gerais Estaduais 2026";"04/10/2026";"RN";"RN";"RIO GRANDE DO NORTE";3;"GOVERNADOR";"COLIGAÇÃO";70;"AVANTE";"AVANTE";-1;"#NULO";"#NULO";"#NULO";200001800267;"ESPERANÇA E TRABALHO ";"REPUBLICANOS / MDB / PSD / AVANTE / FEDERAÇÃO RENOVAÇÃO SOLIDÁRIA(25-PRD/77-SOLIDARIEDADE) / FEDERAÇÃO UNIÃO PROGRESSISTA(44-UNIÃO/11-PP)";"A";"AGUARDANDO JULGAMENTO";"#NE"
"08/08/2026";"19:30:40";2026;2;"ELEIÇÃO ORDINÁRIA";1;6259;"Eleições Gerais Estaduais 2026";"04/10/2026";"RN";"RN";"RIO GRANDE DO NORTE";7;"DEPUTADO ESTADUAL";"FEDERAÇÃO";11;"PP";"PROGRESSISTAS";104;"FEDERAÇÃO UNIÃO PROGRESSISTA";"44-UNIÃO/11-PP";"44-UNIÃO/11-PP";200001800237;"#NULO";"FEDERAÇÃO UNIÃO PROGRESSISTA(44-UNIÃO/11-PP)";"A";"AGUARDANDO JULGAMENTO";"#NE"
"08/08/2026";"19:30:40";2026;2;"ELEIÇÃO ORDINÁRIA";1;6259;"Eleições Gerais Estaduais 2026";"04/10/2026";"RN";"RN";"RIO GRANDE DO NORTE";9;"1º SUPLENTE";"COLIGAÇÃO";43;"PV";"PARTIDO VERDE";101;"FEDERAÇÃO BRASIL DA ESPERANÇA - FE BRASIL";"PT/PC do B/PV";"PT/PC do B/PV";200001800192;"TIME QUE CUIDA";"PDT / PSB / FEDERAÇÃO BRASIL DA ESPERANÇA - FE BRASIL(PT/PC do B/PV)";"A";"AGUARDANDO JULGAMENTO";"#NE"
"08/08/2026";"19:30:40";2026;2;"ELEIÇÃO ORDINÁRIA";1;6259;"Eleições Gerais Estaduais 2026";"04/10/2026";"RN";"RN";"RIO GRANDE DO NORTE";3;"GOVERNADOR";"COLIGAÇÃO";40;"PSB";"PARTIDO SOCIALISTA BRASILEIRO";-1;"#NULO";"#NULO";"#NULO";200001800178;"TIME QUE CUIDA";"PDT / PSB / FEDERAÇÃO BRASIL DA ESPERANÇA - FE BRASIL(PT/PC do B/PV)";"A";"AGUARDANDO JULGAMENTO";"#NE"
"08/08/2026";"19:30:40";2026;2;"ELEIÇÃO ORDINÁRIA";1;6259;"Eleições Gerais Estaduais 2026";"04/10/2026";"RN";"RN";"RIO GRANDE DO NORTE";10;"2º SUPLENTE";"COLIGAÇÃO";11;"PP";"PROGRESSISTAS";104;"FEDERAÇÃO UNIÃO PROGRESSISTA";"44-UNIÃO/11-PP";"44-UNIÃO/11-PP";200001800248;"ESPERANÇA E TRABALHO";"REPUBLICANOS / MDB / PSD / FEDERAÇÃO RENOVAÇÃO SOLIDÁRIA(25-PRD/77-SOLIDARIEDADE) / FEDERAÇÃO UNIÃO PROGRESSISTA(44-UNIÃO/11-PP) / AVANTE";"A";"AGUARDANDO JULGAMENTO";"#NE"
"08/08/2026";"19:30:40";2026;2;"ELEIÇÃO ORDINÁRIA";1;6259;"Eleições Gerais Estaduais 2026";"04/10/2026";"RN";"RN";"RIO GRANDE DO NORTE";3;"GOVERNADOR";"COLIGAÇÃO";43;"PV";"PARTIDO VERDE";101;"FEDERAÇÃO BRASIL DA ESPERANÇA - FE BRASIL";"PT/PC do B/PV";"PT/PC do B/PV";200001800178;"TIME QUE CUIDA";"PDT / PSB / FEDERAÇÃO BRASIL DA ESPERANÇA - FE BRASIL(PT/PC do B/PV)";"A";"AGUARDANDO JULGAMENTO";"#NE"
"08/08/2026";"19:30:40";2026;2;"ELEIÇÃO ORDINÁRIA";1;6259;"Eleições Gerais Estaduais 2026";"04/10/2026";"RN";"RN";"RIO GRANDE DO NORTE";10;"2º SUPLENTE";"COLIGAÇÃO";65;"PCDOB";"PARTIDO COMUNISTA DO BRASIL";101;"FEDERAÇÃO BRASIL DA ESPERANÇA - FE BRASIL";"PT/PC do B/PV";"PT/PC do B/PV";200001800192;"TIME QUE CUIDA";"PDT / PSB / FEDERAÇÃO BRASIL DA ESPERANÇA - FE BRASIL(PT/PC do B/PV)";"A";"AGUARDANDO JULGAMENTO";"#NE"
"08/08/2026";"19:30:40";2026;2;"ELEIÇÃO ORDINÁRIA";1;6259;"Eleições Gerais Estaduais 2026";"04/10/2026";"RN";"RN";"RIO GRANDE DO NORTE";3;"GOVERNADOR";"COLIGAÇÃO";55;"PSD";"PARTIDO SOCIAL DEMOCRÁTICO";-1;"#NULO";"#NULO";"#NULO";200001800267;"ESPERANÇA E TRABALHO ";"REPUBLICANOS / MDB / PSD / AVANTE / FEDERAÇÃO RENOVAÇÃO SOLIDÁRIA(25-PRD/77-SOLIDARIEDADE) / FEDERAÇÃO UNIÃO PROGRESSISTA(44-UNIÃO/11-PP)";"A";"AGUARDANDO JULGAMENTO";"#NE"
"08/08/2026";"19:30:40";2026;2;"ELEIÇÃO ORDINÁRIA";1;6259;"Eleições Gerais Estaduais 2026";"04/10/2026";"RN";"RN";"RIO GRANDE DO NORTE";4;"VICE-GOVERNADOR";"COLIGAÇÃO";23;"CIDADANIA";"CIDADANIA";100;"FEDERAÇÃO PSDB CIDADANIA";"PSDB/CIDADANIA";"PSDB/CIDADANIA";200001800163;"ENDIREITA RN";"PODE / PL / NOVO / FEDERAÇÃO PSDB CIDADANIA(PSDB/CIDADANIA)";"A";"AGUARDANDO JULGAMENTO";"#NE"
"08/08/2026";"19:30:40";2026;2;"ELEIÇÃO ORDINÁRIA";1;6259;"Eleições Gerais Estaduais 2026";"04/10/2026";"RN";"RN";"RIO GRANDE DO NORTE";3;"GOVERNADOR";"COLIGAÇÃO";77;"SOLIDARIEDADE";"SOLIDARIEDADE";103;"FEDERAÇÃO RENOVAÇÃO SOLIDÁRIA";"25-PRD/77-SOLIDARIEDADE";"25-PRD/77-SOLIDARIEDADE";200001800267;"ESPERANÇA E TRABALHO ";"REPUBLICANOS / MDB / PSD / AVANTE / FEDERAÇÃO RENOVAÇÃO SOLIDÁRIA(25-PRD/77-SOLIDARIEDADE) / FEDERAÇÃO UNIÃO PROGRESSISTA(44-UNIÃO/11-PP)";"A";"AGUARDANDO JULGAMENTO";"#NE"
"08/08/2026";"19:30:40";2026;2;"ELEIÇÃO ORDINÁRIA";1;6259;"Eleições Gerais Estaduais 2026";"04/10/2026";"RN";"RN";"RIO GRANDE DO NORTE";7;"DEPUTADO ESTADUAL";"FEDERAÇÃO";44;"UNIÃO";"UNIÃO BRASIL";104;"FEDERAÇÃO UNIÃO PROGRESSISTA";"44-UNIÃO/11-PP";"44-UNIÃO/11-PP";200001800237;"#NULO";"FEDERAÇÃO UNIÃO PROGRESSISTA(44-UNIÃO/11-PP)";"A";"AGUARDANDO JULGAMENTO";"#NE"
"08/08/2026";"19:30:40";2026;2;"ELEIÇÃO ORDINÁRIA";1;6259;"Eleições Gerais Estaduais 2026";"04/10/2026";"RN";"RN";"RIO GRANDE DO NORTE";3;"GOVERNADOR";"COLIGAÇÃO";15;"MDB";"MOVIMENTO DEMOCRÁTICO BRASILEIRO";-1;"#NULO";"#NULO";"#NULO";200001800267;"ESPERANÇA E TRABALHO ";"REPUBLICANOS / MDB / PSD / AVANTE / FEDERAÇÃO RENOVAÇÃO SOLIDÁRIA(25-PRD/77-SOLIDARIEDADE) / FEDERAÇÃO UNIÃO PROGRESSISTA(44-UNIÃO/11-PP)";"A";"AGUARDANDO JULGAMENTO";"#NE"
"08/08/2026";"19:30:40";2026;2;"ELEIÇÃO ORDINÁRIA";1;6259;"Eleições Gerais Estaduais 2026";"04/10/2026";"RN";"RN";"RIO GRANDE DO NORTE";9;"1º SUPLENTE";"PARTIDO ISOLADO";16;"PSTU";"PARTIDO SOCIALISTA  DOS TRABALHADORES UNIFICADO";-1;"#NULO";"#NULO";"#NULO";200001800611;"#NULO";"PSTU";"A";"AGUARDANDO JULGAMENTO";"#NE"
"08/08/2026";"19:30:40";2026;2;"ELEIÇÃO ORDINÁRIA";1;6259;"Eleições Gerais Estaduais 2026";"04/10/2026";"RN";"RN";"RIO GRANDE DO NORTE";7;"DEPUTADO ESTADUAL";"PARTIDO ISOLADO";16;"PSTU";"PARTIDO SOCIALISTA  DOS TRABALHADORES UNIFICADO";-1;"#NULO";"#NULO";"#NULO";200001800612;"#NULO";"PSTU";"A";"AGUARDANDO JULGAMENTO";"#NE"
"08/08/2026";"19:30:40";2026;2;"ELEIÇÃO ORDINÁRIA";1;6259;"Eleições Gerais Estaduais 2026";"04/10/2026";"RN";"RN";"RIO GRANDE DO NORTE";5;"SENADOR";"COLIGAÇÃO";13;"PT";"PARTIDO DOS TRABALHADORES";101;"FEDERAÇÃO BRASIL DA ESPERANÇA - FE BRASIL";"PT/PC do B/PV";"PT/PC do B/PV";200001800192;"TIME QUE CUIDA";"PDT / PSB / FEDERAÇÃO BRASIL DA ESPERANÇA - FE BRASIL(PT/PC do B/PV)";"A";"AGUARDANDO JULGAMENTO";"#NE"
"08/08/2026";"19:30:40";2026;2;"ELEIÇÃO ORDINÁRIA";1;6259;"Eleições Gerais Estaduais 2026";"04/10/2026";"RN";"RN";"RIO GRANDE DO NORTE";5;"SENADOR";"PARTIDO ISOLADO";16;"PSTU";"PARTIDO SOCIALISTA  DOS TRABALHADORES UNIFICADO";-1;"#NULO";"#NULO";"#NULO";200001800611;"#NULO";"PSTU";"A";"AGUARDANDO JULGAMENTO";"#NE"
"08/08/2026";"19:30:40";2026;2;"ELEIÇÃO ORDINÁRIA";1;6259;"Eleições Gerais Estaduais 2026";"04/10/2026";"RN";"RN";"RIO GRANDE DO NORTE";9;"1º SUPLENTE";"COLIGAÇÃO";13;"PT";"PARTIDO DOS TRABALHADORES";101;"FEDERAÇÃO BRASIL DA ESPERANÇA - FE BRASIL";"PT/PC do B/PV";"PT/PC do B/PV";200001800192;"TIME QUE CUIDA";"PDT / PSB / FEDERAÇÃO BRASIL DA ESPERANÇA - FE BRASIL(PT/PC do B/PV)";"A";"AGUARDANDO JULGAMENTO";"#NE"
"08/08/2026";"19:30:40";2026;2;"ELEIÇÃO ORDINÁRIA";1;6259;"Eleições Gerais Estaduais 2026";"04/10/2026";"RN";"RN";"RIO GRANDE DO NORTE";7;"DEPUTADO ESTADUAL";"FEDERAÇÃO";43;"PV";"PARTIDO VERDE";101;"FEDERAÇÃO BRASIL DA ESPERANÇA - FE BRASIL";"PT/PC do B/PV";"PT/PC do B/PV";200001800193;"#NULO";"FEDERAÇÃO BRASIL DA ESPERANÇA - FE BRASIL(PT/PC do B/PV)";"A";"AGUARDANDO JULGAMENTO";"#NE"
"08/08/2026";"19:30:40";2026;2;"ELEIÇÃO ORDINÁRIA";1;6259;"Eleições Gerais Estaduais 2026";"04/10/2026";"RN";"RN";"RIO GRANDE DO NORTE";4;"VICE-GOVERNADOR";"COLIGAÇÃO";11;"PP";"PROGRESSISTAS";104;"FEDERAÇÃO UNIÃO PROGRESSISTA";"44-UNIÃO/11-PP";"44-UNIÃO/11-PP";200001800267;"ESPERANÇA E TRABALHO ";"REPUBLICANOS / MDB / PSD / AVANTE / FEDERAÇÃO RENOVAÇÃO SOLIDÁRIA(25-PRD/77-SOLIDARIEDADE) / FEDERAÇÃO UNIÃO PROGRESSISTA(44-UNIÃO/11-PP)";"A";"AGUARDANDO JULGAMENTO";"#NE"
"08/08/2026";"19:30:40";2026;2;"ELEIÇÃO ORDINÁRIA";1;6259;"Eleições Gerais Estaduais 2026";"04/10/2026";"RN";"RN";"RIO GRANDE DO NORTE";6;"DEPUTADO FEDERAL";"PARTIDO ISOLADO";22;"PL";"PARTIDO LIBERAL";-1;"#NULO";"#NULO";"#NULO";200001800195;"#NULO";"PL";"A";"AGUARDANDO JULGAMENTO";"#NE"
"08/08/2026";"19:30:40";2026;2;"ELEIÇÃO ORDINÁRIA";1;6259;"Eleições Gerais Estaduais 2026";"04/10/2026";"RN";"RN";"RIO GRANDE DO NORTE";3;"GOVERNADOR";"PARTIDO ISOLADO";16;"PSTU";"PARTIDO SOCIALISTA  DOS TRABALHADORES UNIFICADO";-1;"#NULO";"#NULO";"#NULO";200001800610;"#NULO";"PSTU";"A";"AGUARDANDO JULGAMENTO";"#NE"
"08/08/2026";"19:30:40";2026;2;"ELEIÇÃO ORDINÁRIA";1;6259;"Eleições Gerais Estaduais 2026";"04/10/2026";"RN";"RN";"RIO GRANDE DO NORTE";4;"VICE-GOVERNADOR";"COLIGAÇÃO";45;"PSDB";"PARTIDO DA SOCIAL DEMOCRACIA BRASILEIRA";100;"FEDERAÇÃO PSDB CIDADANIA";"PSDB/CIDADANIA";"PSDB/CIDADANIA";200001800163;"ENDIREITA RN";"PODE / PL / NOVO / FEDERAÇÃO PSDB CIDADANIA(PSDB/CIDADANIA)";"A";"AGUARDANDO JULGAMENTO";"#NE"
"08/08/2026";"19:30:40";2026;2;"ELEIÇÃO ORDINÁRIA";1;6259;"Eleições Gerais Estaduais 2026";"04/10/2026";"RN";"RN";"RIO GRANDE DO NORTE";5;"SENADOR";"COLIGAÇÃO";25;"PRD";"PARTIDO RENOVACAO DEMOCRATICA";103;"FEDERAÇÃO RENOVAÇÃO SOLIDÁRIA";"25-PRD/77-SOLIDARIEDADE";"25-PRD/77-SOLIDARIEDADE";200001800248;"ESPERANÇA E TRABALHO";"REPUBLICANOS / MDB / PSD / FEDERAÇÃO RENOVAÇÃO SOLIDÁRIA(25-PRD/77-SOLIDARIEDADE) / FEDERAÇÃO UNIÃO PROGRESSISTA(44-UNIÃO/11-PP) / AVANTE";"A";"AGUARDANDO JULGAMENTO";"#NE"
"08/08/2026";"19:30:40";2026;2;"ELEIÇÃO ORDINÁRIA";1;6259;"Eleições Gerais Estaduais 2026";"04/10/2026";"RN";"RN";"RIO GRANDE DO NORTE";4;"VICE-GOVERNADOR";"COLIGAÇÃO";22;"PL";"PARTIDO LIBERAL";-1;"#NULO";"#NULO";"#NULO";200001800163;"ENDIREITA RN";"PODE / PL / NOVO / FEDERAÇÃO PSDB CIDADANIA(PSDB/CIDADANIA)";"A";"AGUARDANDO JULGAMENTO";"#NE"
"08/08/2026";"19:30:40";2026;2;"ELEIÇÃO ORDINÁRIA";1;6259;"Eleições Gerais Estaduais 2026";"04/10/2026";"RN";"RN";"RIO GRANDE DO NORTE";7;"DEPUTADO ESTADUAL";"PARTIDO ISOLADO";15;"MDB";"MOVIMENTO DEMOCRÁTICO BRASILEIRO";-1;"#NULO";"#NULO";"#NULO";200001800124;"#NULO";"MDB";"A";"AGUARDANDO JULGAMENTO";"#NE"
"08/08/2026";"19:30:40";2026;2;"ELEIÇÃO ORDINÁRIA";1;6259;"Eleições Gerais Estaduais 2026";"04/10/2026";"RN";"RN";"RIO GRANDE DO NORTE";5;"SENADOR";"COLIGAÇÃO";10;"REPUBLICANOS";"REPUBLICANOS";-1;"#NULO";"#NULO";"#NULO";200001800248;"ESPERANÇA E TRABALHO";"REPUBLICANOS / MDB / PSD / FEDERAÇÃO RENOVAÇÃO SOLIDÁRIA(25-PRD/77-SOLIDARIEDADE) / FEDERAÇÃO UNIÃO PROGRESSISTA(44-UNIÃO/11-PP) / AVANTE";"A";"AGUARDANDO JULGAMENTO";"#NE"
"08/08/2026";"19:30:40";2026;2;"ELEIÇÃO ORDINÁRIA";1;6259;"Eleições Gerais Estaduais 2026";"04/10/2026";"RN";"RN";"RIO GRANDE DO NORTE";6;"DEPUTADO FEDERAL";"PARTIDO ISOLADO";30;"NOVO";"PARTIDO NOVO";-1;"#NULO";"#NULO";"#NULO";200001800247;"#NULO";"NOVO";"A";"AGUARDANDO JULGAMENTO";"#NE"
"08/08/2026";"19:30:40";2026;2;"ELEIÇÃO ORDINÁRIA";1;6259;"Eleições Gerais Estaduais 2026";"04/10/2026";"RN";"RN";"RIO GRANDE DO NORTE";4;"VICE-GOVERNADOR";"COLIGAÇÃO";10;"REPUBLICANOS";"REPUBLICANOS";-1;"#NULO";"#NULO";"#NULO";200001800267;"ESPERANÇA E TRABALHO ";"REPUBLICANOS / MDB / PSD / AVANTE / FEDERAÇÃO RENOVAÇÃO SOLIDÁRIA(25-PRD/77-SOLIDARIEDADE) / FEDERAÇÃO UNIÃO PROGRESSISTA(44-UNIÃO/11-PP)";"A";"AGUARDANDO JULGAMENTO";"#NE"
"08/08/2026";"19:30:40";2026;2;"ELEIÇÃO ORDINÁRIA";1;6259;"Eleições Gerais Estaduais 2026";"04/10/2026";"RN";"RN";"RIO GRANDE DO NORTE";3;"GOVERNADOR";"COLIGAÇÃO";12;"PDT";"PARTIDO DEMOCRÁTICO TRABALHISTA";-1;"#NULO";"#NULO";"#NULO";200001800178;"TIME QUE CUIDA";"PDT / PSB / FEDERAÇÃO BRASIL DA ESPERANÇA - FE BRASIL(PT/PC do B/PV)";"A";"AGUARDANDO JULGAMENTO";"#NE"
"08/08/2026";"19:30:40";2026;2;"ELEIÇÃO ORDINÁRIA";1;6259;"Eleições Gerais Estaduais 2026";"04/10/2026";"RN";"RN";"RIO GRANDE DO NORTE";4;"VICE-GOVERNADOR";"COLIGAÇÃO";30;"NOVO";"PARTIDO NOVO";-1;"#NULO";"#NULO";"#NULO";200001800163;"ENDIREITA RN";"PODE / PL / NOVO / FEDERAÇÃO PSDB CIDADANIA(PSDB/CIDADANIA)";"A";"AGUARDANDO JULGAMENTO";"#NE"
"08/08/2026";"19:30:40";2026;2;"ELEIÇÃO ORDINÁRIA";1;6259;"Eleições Gerais Estaduais 2026";"04/10/2026";"RN";"RN";"RIO GRANDE DO NORTE";3;"GOVERNADOR";"COLIGAÇÃO";65;"PCDOB";"PARTIDO COMUNISTA DO BRASIL";101;"FEDERAÇÃO BRASIL DA ESPERANÇA - FE BRASIL";"PT/PC do B/PV";"PT/PC do B/PV";200001800178;"TIME QUE CUIDA";"PDT / PSB / FEDERAÇÃO BRASIL DA ESPERANÇA - FE BRASIL(PT/PC do B/PV)";"A";"AGUARDANDO JULGAMENTO";"#NE"
"08/08/2026";"19:30:40";2026;2;"ELEIÇÃO ORDINÁRIA";1;6259;"Eleições Gerais Estaduais 2026";"04/10/2026";"RN";"RN";"RIO GRANDE DO NORTE";9;"1º SUPLENTE";"COLIGAÇÃO";22;"PL";"PARTIDO LIBERAL";-1;"#NULO";"#NULO";"#NULO";200001800164;"ENDIREITA RN";"PODE / PL / NOVO / FEDERAÇÃO PSDB CIDADANIA(PSDB/CIDADANIA)";"A";"AGUARDANDO JULGAMENTO";"#NE"
"08/08/2026";"19:30:40";2026;2;"ELEIÇÃO ORDINÁRIA";1;6259;"Eleições Gerais Estaduais 2026";"04/10/2026";"RN";"RN";"RIO GRANDE DO NORTE";4;"VICE-GOVERNADOR";"COLIGAÇÃO";44;"UNIÃO";"UNIÃO BRASIL";104;"FEDERAÇÃO UNIÃO PROGRESSISTA";"44-UNIÃO/11-PP";"44-UNIÃO/11-PP";200001800267;"ESPERANÇA E TRABALHO ";"REPUBLICANOS / MDB / PSD / AVANTE / FEDERAÇÃO RENOVAÇÃO SOLIDÁRIA(25-PRD/77-SOLIDARIEDADE) / FEDERAÇÃO UNIÃO PROGRESSISTA(44-UNIÃO/11-PP)";"A";"AGUARDANDO JULGAMENTO";"#NE"
"08/08/2026";"19:30:40";2026;2;"ELEIÇÃO ORDINÁRIA";1;6259;"Eleições Gerais Estaduais 2026";"04/10/2026";"RN";"RN";"RIO GRANDE DO NORTE";3;"GOVERNADOR";"COLIGAÇÃO";11;"PP";"PROGRESSISTAS";104;"FEDERAÇÃO UNIÃO PROGRESSISTA";"44-UNIÃO/11-PP";"44-UNIÃO/11-PP";200001800267;"ESPERANÇA E TRABALHO ";"REPUBLICANOS / MDB / PSD / AVANTE / FEDERAÇÃO RENOVAÇÃO SOLIDÁRIA(25-PRD/77-SOLIDARIEDADE) / FEDERAÇÃO UNIÃO PROGRESSISTA(44-UNIÃO/11-PP)";"A";"AGUARDANDO JULGAMENTO";"#NE"
"08/08/2026";"19:30:40";2026;2;"ELEIÇÃO ORDINÁRIA";1;6259;"Eleições Gerais Estaduais 2026";"04/10/2026";"RN";"RN";"RIO GRANDE DO NORTE";5;"SENADOR";"COLIGAÇÃO";45;"PSDB";"PARTIDO DA SOCIAL DEMOCRACIA BRASILEIRA";100;"FEDERAÇÃO PSDB CIDADANIA";"PSDB/CIDADANIA";"PSDB/CIDADANIA";200001800164;"ENDIREITA RN";"PODE / PL / NOVO / FEDERAÇÃO PSDB CIDADANIA(PSDB/CIDADANIA)";"A";"AGUARDANDO JULGAMENTO";"#NE"
"08/08/2026";"19:30:40";2026;2;"ELEIÇÃO ORDINÁRIA";1;6259;"Eleições Gerais Estaduais 2026";"04/10/2026";"RN";"RN";"RIO GRANDE DO NORTE";4;"VICE-GOVERNADOR";"COLIGAÇÃO";65;"PCDOB";"PARTIDO COMUNISTA DO BRASIL";101;"FEDERAÇÃO BRASIL DA ESPERANÇA - FE BRASIL";"PT/PC do B/PV";"PT/PC do B/PV";200001800178;"TIME QUE CUIDA";"PDT / PSB / FEDERAÇÃO BRASIL DA ESPERANÇA - FE BRASIL(PT/PC do B/PV)";"A";"AGUARDANDO JULGAMENTO";"#NE"
"08/08/2026";"19:30:40";2026;2;"ELEIÇÃO ORDINÁRIA";1;6259;"Eleições Gerais Estaduais 2026";"04/10/2026";"RN";"RN";"RIO GRANDE DO NORTE";9;"1º SUPLENTE";"COLIGAÇÃO";45;"PSDB";"PARTIDO DA SOCIAL DEMOCRACIA BRASILEIRA";100;"FEDERAÇÃO PSDB CIDADANIA";"PSDB/CIDADANIA";"PSDB/CIDADANIA";200001800164;"ENDIREITA RN";"PODE / PL / NOVO / FEDERAÇÃO PSDB CIDADANIA(PSDB/CIDADANIA)";"A";"AGUARDANDO JULGAMENTO";"#NE"
"08/08/2026";"19:30:40";2026;2;"ELEIÇÃO ORDINÁRIA";1;6259;"Eleições Gerais Estaduais 2026";"04/10/2026";"RN";"RN";"RIO GRANDE DO NORTE";10;"2º SUPLENTE";"PARTIDO ISOLADO";16;"PSTU";"PARTIDO SOCIALISTA  DOS TRABALHADORES UNIFICADO";-1;"#NULO";"#NULO";"#NULO";200001800611;"#NULO";"PSTU";"A";"AGUARDANDO JULGAMENTO";"#NE"
"08/08/2026";"19:30:40";2026;2;"ELEIÇÃO ORDINÁRIA";1;6259;"Eleições Gerais Estaduais 2026";"04/10/2026";"RN";"RN";"RIO GRANDE DO NORTE";10;"2º SUPLENTE";"COLIGAÇÃO";43;"PV";"PARTIDO VERDE";101;"FEDERAÇÃO BRASIL DA ESPERANÇA - FE BRASIL";"PT/PC do B/PV";"PT/PC do B/PV";200001800192;"TIME QUE CUIDA";"PDT / PSB / FEDERAÇÃO BRASIL DA ESPERANÇA - FE BRASIL(PT/PC do B/PV)";"A";"AGUARDANDO JULGAMENTO";"#NE"
"08/08/2026";"19:30:40";2026;2;"ELEIÇÃO ORDINÁRIA";1;6259;"Eleições Gerais Estaduais 2026";"04/10/2026";"RN";"RN";"RIO GRANDE DO NORTE";5;"SENADOR";"COLIGAÇÃO";55;"PSD";"PARTIDO SOCIAL DEMOCRÁTICO";-1;"#NULO";"#NULO";"#NULO";200001800248;"ESPERANÇA E TRABALHO";"REPUBLICANOS / MDB / PSD / FEDERAÇÃO RENOVAÇÃO SOLIDÁRIA(25-PRD/77-SOLIDARIEDADE) / FEDERAÇÃO UNIÃO PROGRESSISTA(44-UNIÃO/11-PP) / AVANTE";"A";"AGUARDANDO JULGAMENTO";"#NE"
"08/08/2026";"19:30:40";2026;2;"ELEIÇÃO ORDINÁRIA";1;6259;"Eleições Gerais Estaduais 2026";"04/10/2026";"RN";"RN";"RIO GRANDE DO NORTE";3;"GOVERNADOR";"COLIGAÇÃO";23;"CIDADANIA";"CIDADANIA";100;"FEDERAÇÃO PSDB CIDADANIA";"PSDB/CIDADANIA";"PSDB/CIDADANIA";200001800163;"ENDIREITA RN";"PODE / PL / NOVO / FEDERAÇÃO PSDB CIDADANIA(PSDB/CIDADANIA)";"A";"AGUARDANDO JULGAMENTO";"#NE"
"08/08/2026";"19:30:40";2026;2;"ELEIÇÃO ORDINÁRIA";1;6259;"Eleições Gerais Estaduais 2026";"04/10/2026";"RN";"RN";"RIO GRANDE DO NORTE";5;"SENADOR";"COLIGAÇÃO";65;"PCDOB";"PARTIDO COMUNISTA DO BRASIL";101;"FEDERAÇÃO BRASIL DA ESPERANÇA - FE BRASIL";"PT/PC do B/PV";"PT/PC do B/PV";200001800192;"TIME QUE CUIDA";"PDT / PSB / FEDERAÇÃO BRASIL DA ESPERANÇA - FE BRASIL(PT/PC do B/PV)";"A";"AGUARDANDO JULGAMENTO";"#NE"
"08/08/2026";"19:30:40";2026;2;"ELEIÇÃO ORDINÁRIA";1;6259;"Eleições Gerais Estaduais 2026";"04/10/2026";"RN";"RN";"RIO GRANDE DO NORTE";6;"DEPUTADO FEDERAL";"FEDERAÇÃO";13;"PT";"PARTIDO DOS TRABALHADORES";101;"FEDERAÇÃO BRASIL DA ESPERANÇA - FE BRASIL";"PT/PC do B/PV";"PT/PC do B/PV";200001800194;"#NULO";"FEDERAÇÃO BRASIL DA ESPERANÇA - FE BRASIL(PT/PC do B/PV)";"A";"AGUARDANDO JULGAMENTO";"#NE"
"08/08/2026";"19:30:40";2026;2;"ELEIÇÃO ORDINÁRIA";1;6259;"Eleições Gerais Estaduais 2026";"04/10/2026";"RN";"RN";"RIO GRANDE DO NORTE";10;"2º SUPLENTE";"COLIGAÇÃO";45;"PSDB";"PARTIDO DA SOCIAL DEMOCRACIA BRASILEIRA";100;"FEDERAÇÃO PSDB CIDADANIA";"PSDB/CIDADANIA";"PSDB/CIDADANIA";200001800164;"ENDIREITA RN";"PODE / PL / NOVO / FEDERAÇÃO PSDB CIDADANIA(PSDB/CIDADANIA)";"A";"AGUARDANDO JULGAMENTO";"#NE"
"08/08/2026";"19:30:40";2026;2;"ELEIÇÃO ORDINÁRIA";1;6259;"Eleições Gerais Estaduais 2026";"04/10/2026";"RN";"RN";"RIO GRANDE DO NORTE";6;"DEPUTADO FEDERAL";"FEDERAÇÃO";11;"PP";"PROGRESSISTAS";104;"FEDERAÇÃO UNIÃO PROGRESSISTA";"44-UNIÃO/11-PP";"44-UNIÃO/11-PP";200001800236;"#NULO";"FEDERAÇÃO UNIÃO PROGRESSISTA(44-UNIÃO/11-PP)";"A";"AGUARDANDO JULGAMENTO";"#NE"
"08/08/2026";"19:30:40";2026;2;"ELEIÇÃO ORDINÁRIA";1;6259;"Eleições Gerais Estaduais 2026";"04/10/2026";"RN";"RN";"RIO GRANDE DO NORTE";10;"2º SUPLENTE";"COLIGAÇÃO";20;"PODE";"PODEMOS";-1;"#NULO";"#NULO";"#NULO";200001800164;"ENDIREITA RN";"PODE / PL / NOVO / FEDERAÇÃO PSDB CIDADANIA(PSDB/CIDADANIA)";"A";"AGUARDANDO JULGAMENTO";"#NE"
"08/08/2026";"19:30:40";2026;2;"ELEIÇÃO ORDINÁRIA";1;6259;"Eleições Gerais Estaduais 2026";"04/10/2026";"RN";"RN";"RIO GRANDE DO NORTE";9;"1º SUPLENTE";"COLIGAÇÃO";65;"PCDOB";"PARTIDO COMUNISTA DO BRASIL";101;"FEDERAÇÃO BRASIL DA ESPERANÇA - FE BRASIL";"PT/PC do B/PV";"PT/PC do B/PV";200001800192;"TIME QUE CUIDA";"PDT / PSB / FEDERAÇÃO BRASIL DA ESPERANÇA - FE BRASIL(PT/PC do B/PV)";"A";"AGUARDANDO JULGAMENTO";"#NE"
"08/08/2026";"19:30:40";2026;2;"ELEIÇÃO ORDINÁRIA";1;6259;"Eleições Gerais Estaduais 2026";"04/10/2026";"RN";"RN";"RIO GRANDE DO NORTE";4;"VICE-GOVERNADOR";"COLIGAÇÃO";20;"PODE";"PODEMOS";-1;"#NULO";"#NULO";"#NULO";200001800163;"ENDIREITA RN";"PODE / PL / NOVO / FEDERAÇÃO PSDB CIDADANIA(PSDB/CIDADANIA)";"A";"AGUARDANDO JULGAMENTO";"#NE"
"08/08/2026";"19:30:40";2026;2;"ELEIÇÃO ORDINÁRIA";1;6259;"Eleições Gerais Estaduais 2026";"04/10/2026";"RN";"RN";"RIO GRANDE DO NORTE";5;"SENADOR";"COLIGAÇÃO";23;"CIDADANIA";"CIDADANIA";100;"FEDERAÇÃO PSDB CIDADANIA";"PSDB/CIDADANIA";"PSDB/CIDADANIA";200001800164;"ENDIREITA RN";"PODE / PL / NOVO / FEDERAÇÃO PSDB CIDADANIA(PSDB/CIDADANIA)";"A";"AGUARDANDO JULGAMENTO";"#NE"
"08/08/2026";"19:30:40";2026;2;"ELEIÇÃO ORDINÁRIA";1;6259;"Eleições Gerais Estaduais 2026";"04/10/2026";"RN";"RN";"RIO GRANDE DO NORTE";3;"GOVERNADOR";"COLIGAÇÃO";22;"PL";"PARTIDO LIBERAL";-1;"#NULO";"#NULO";"#NULO";200001800163;"ENDIREITA RN";"PODE / PL / NOVO / FEDERAÇÃO PSDB CIDADANIA(PSDB/CIDADANIA)";"A";"AGUARDANDO JULGAMENTO";"#NE"
"08/08/2026";"19:30:40";2026;2;"ELEIÇÃO ORDINÁRIA";1;6259;"Eleições Gerais Estaduais 2026";"04/10/2026";"RN";"RN";"RIO GRANDE DO NORTE";4;"VICE-GOVERNADOR";"COLIGAÇÃO";13;"PT";"PARTIDO DOS TRABALHADORES";101;"FEDERAÇÃO BRASIL DA ESPERANÇA - FE BRASIL";"PT/PC do B/PV";"PT/PC do B/PV";200001800178;"TIME QUE CUIDA";"PDT / PSB / FEDERAÇÃO BRASIL DA ESPERANÇA - FE BRASIL(PT/PC do B/PV)";"A";"AGUARDANDO JULGAMENTO";"#NE"
"08/08/2026";"19:30:40";2026;2;"ELEIÇÃO ORDINÁRIA";1;6259;"Eleições Gerais Estaduais 2026";"04/10/2026";"RN";"RN";"RIO GRANDE DO NORTE";7;"DEPUTADO ESTADUAL";"FEDERAÇÃO";23;"CIDADANIA";"CIDADANIA";100;"FEDERAÇÃO PSDB CIDADANIA";"PSDB/CIDADANIA";"PSDB/CIDADANIA";200001800429;"#NULO";"FEDERAÇÃO PSDB CIDADANIA(PSDB/CIDADANIA)";"A";"AGUARDANDO JULGAMENTO";"#NE"
"08/08/2026";"19:30:40";2026;2;"ELEIÇÃO ORDINÁRIA";1;6259;"Eleições Gerais Estaduais 2026";"04/10/2026";"RN";"RN";"RIO GRANDE DO NORTE";6;"DEPUTADO FEDERAL";"FEDERAÇÃO";23;"CIDADANIA";"CIDADANIA";100;"FEDERAÇÃO PSDB CIDADANIA";"PSDB/CIDADANIA";"PSDB/CIDADANIA";200001800428;"#NULO";"FEDERAÇÃO PSDB CIDADANIA(PSDB/CIDADANIA)";"A";"AGUARDANDO JULGAMENTO";"#NE"
"08/08/2026";"19:30:40";2026;2;"ELEIÇÃO ORDINÁRIA";1;6259;"Eleições Gerais Estaduais 2026";"04/10/2026";"RN";"RN";"RIO GRANDE DO NORTE";4;"VICE-GOVERNADOR";"PARTIDO ISOLADO";16;"PSTU";"PARTIDO SOCIALISTA  DOS TRABALHADORES UNIFICADO";-1;"#NULO";"#NULO";"#NULO";200001800610;"#NULO";"PSTU";"A";"AGUARDANDO JULGAMENTO";"#NE"
"08/08/2026";"19:30:40";2026;2;"ELEIÇÃO ORDINÁRIA";1;6259;"Eleições Gerais Estaduais 2026";"04/10/2026";"RN";"RN";"RIO GRANDE DO NORTE";9;"1º SUPLENTE";"COLIGAÇÃO";40;"PSB";"PARTIDO SOCIALISTA BRASILEIRO";-1;"#NULO";"#NULO";"#NULO";200001800192;"TIME QUE CUIDA";"PDT / PSB / FEDERAÇÃO BRASIL DA ESPERANÇA - FE BRASIL(PT/PC do B/PV)";"A";"AGUARDANDO JULGAMENTO";"#NE"
"08/08/2026";"19:30:40";2026;2;"ELEIÇÃO ORDINÁRIA";1;6259;"Eleições Gerais Estaduais 2026";"04/10/2026";"RN";"RN";"RIO GRANDE DO NORTE";3;"GOVERNADOR";"COLIGAÇÃO";10;"REPUBLICANOS";"REPUBLICANOS";-1;"#NULO";"#NULO";"#NULO";200001800267;"ESPERANÇA E TRABALHO ";"REPUBLICANOS / MDB / PSD / AVANTE / FEDERAÇÃO RENOVAÇÃO SOLIDÁRIA(25-PRD/77-SOLIDARIEDADE) / FEDERAÇÃO UNIÃO PROGRESSISTA(44-UNIÃO/11-PP)";"A";"AGUARDANDO JULGAMENTO";"#NE"
"08/08/2026";"19:30:40";2026;2;"ELEIÇÃO ORDINÁRIA";1;6259;"Eleições Gerais Estaduais 2026";"04/10/2026";"RN";"RN";"RIO GRANDE DO NORTE";9;"1º SUPLENTE";"COLIGAÇÃO";70;"AVANTE";"AVANTE";-1;"#NULO";"#NULO";"#NULO";200001800248;"ESPERANÇA E TRABALHO";"REPUBLICANOS / MDB / PSD / FEDERAÇÃO RENOVAÇÃO SOLIDÁRIA(25-PRD/77-SOLIDARIEDADE) / FEDERAÇÃO UNIÃO PROGRESSISTA(44-UNIÃO/11-PP) / AVANTE";"A";"AGUARDANDO JULGAMENTO";"#NE"
"08/08/2026";"19:30:40";2026;2;"ELEIÇÃO ORDINÁRIA";1;6259;"Eleições Gerais Estaduais 2026";"04/10/2026";"RN";"RN";"RIO GRANDE DO NORTE";9;"1º SUPLENTE";"COLIGAÇÃO";77;"SOLIDARIEDADE";"SOLIDARIEDADE";103;"FEDERAÇÃO RENOVAÇÃO SOLIDÁRIA";"25-PRD/77-SOLIDARIEDADE";"25-PRD/77-SOLIDARIEDADE";200001800248;"ESPERANÇA E TRABALHO";"REPUBLICANOS / MDB / PSD / FEDERAÇÃO RENOVAÇÃO SOLIDÁRIA(25-PRD/77-SOLIDARIEDADE) / FEDERAÇÃO UNIÃO PROGRESSISTA(44-UNIÃO/11-PP) / AVANTE";"A";"AGUARDANDO JULGAMENTO";"#NE"
"08/08/2026";"19:30:40";2026;2;"ELEIÇÃO ORDINÁRIA";1;6259;"Eleições Gerais Estaduais 2026";"04/10/2026";"RN";"RN";"RIO GRANDE DO NORTE";7;"DEPUTADO ESTADUAL";"FEDERAÇÃO";65;"PCDOB";"PARTIDO COMUNISTA DO BRASIL";101;"FEDERAÇÃO BRASIL DA ESPERANÇA - FE BRASIL";"PT/PC do B/PV";"PT/PC do B/PV";200001800193;"#NULO";"FEDERAÇÃO BRASIL DA ESPERANÇA - FE BRASIL(PT/PC do B/PV)";"A";"AGUARDANDO JULGAMENTO";"#NE"
"08/08/2026";"19:30:40";2026;2;"ELEIÇÃO ORDINÁRIA";1;6259;"Eleições Gerais Estaduais 2026";"04/10/2026";"RN";"RN";"RIO GRANDE DO NORTE";9;"1º SUPLENTE";"COLIGAÇÃO";11;"PP";"PROGRESSISTAS";104;"FEDERAÇÃO UNIÃO PROGRESSISTA";"44-UNIÃO/11-PP";"44-UNIÃO/11-PP";200001800248;"ESPERANÇA E TRABALHO";"REPUBLICANOS / MDB / PSD / FEDERAÇÃO RENOVAÇÃO SOLIDÁRIA(25-PRD/77-SOLIDARIEDADE) / FEDERAÇÃO UNIÃO PROGRESSISTA(44-UNIÃO/11-PP) / AVANTE";"A";"AGUARDANDO JULGAMENTO";"#NE"
"08/08/2026";"19:30:40";2026;2;"ELEIÇÃO ORDINÁRIA";1;6259;"Eleições Gerais Estaduais 2026";"04/10/2026";"RN";"RN";"RIO GRANDE DO NORTE";7;"DEPUTADO ESTADUAL";"FEDERAÇÃO";13;"PT";"PARTIDO DOS TRABALHADORES";101;"FEDERAÇÃO BRASIL DA ESPERANÇA - FE BRASIL";"PT/PC do B/PV";"PT/PC do B/PV";200001800193;"#NULO";"FEDERAÇÃO BRASIL DA ESPERANÇA - FE BRASIL(PT/PC do B/PV)";"A";"AGUARDANDO JULGAMENTO";"#NE"
"08/08/2026";"19:30:40";2026;2;"ELEIÇÃO ORDINÁRIA";1;6259;"Eleições Gerais Estaduais 2026";"04/10/2026";"RN";"RN";"RIO GRANDE DO NORTE";3;"GOVERNADOR";"COLIGAÇÃO";13;"PT";"PARTIDO DOS TRABALHADORES";101;"FEDERAÇÃO BRASIL DA ESPERANÇA - FE BRASIL";"PT/PC do B/PV";"PT/PC do B/PV";200001800178;"TIME QUE CUIDA";"PDT / PSB / FEDERAÇÃO BRASIL DA ESPERANÇA - FE BRASIL(PT/PC do B/PV)";"A";"AGUARDANDO JULGAMENTO";"#NE"
"08/08/2026";"19:30:40";2026;2;"ELEIÇÃO ORDINÁRIA";1;6259;"Eleições Gerais Estaduais 2026";"04/10/2026";"RN";"RN";"RIO GRANDE DO NORTE";4;"VICE-GOVERNADOR";"COLIGAÇÃO";43;"PV";"PARTIDO VERDE";101;"FEDERAÇÃO BRASIL DA ESPERANÇA - FE BRASIL";"PT/PC do B/PV";"PT/PC do B/PV";200001800178;"TIME QUE CUIDA";"PDT / PSB / FEDERAÇÃO BRASIL DA ESPERANÇA - FE BRASIL(PT/PC do B/PV)";"A";"AGUARDANDO JULGAMENTO";"#NE"
"08/08/2026";"19:30:40";2026;2;"ELEIÇÃO ORDINÁRIA";1;6259;"Eleições Gerais Estaduais 2026";"04/10/2026";"RN";"RN";"RIO GRANDE DO NORTE";3;"GOVERNADOR";"COLIGAÇÃO";25;"PRD";"PARTIDO RENOVACAO DEMOCRATICA";103;"FEDERAÇÃO RENOVAÇÃO SOLIDÁRIA";"25-PRD/77-SOLIDARIEDADE";"25-PRD/77-SOLIDARIEDADE";200001800267;"ESPERANÇA E TRABALHO ";"REPUBLICANOS / MDB / PSD / AVANTE / FEDERAÇÃO RENOVAÇÃO SOLIDÁRIA(25-PRD/77-SOLIDARIEDADE) / FEDERAÇÃO UNIÃO PROGRESSISTA(44-UNIÃO/11-PP)";"A";"AGUARDANDO JULGAMENTO";"#NE"
"08/08/2026";"19:30:40";2026;2;"ELEIÇÃO ORDINÁRIA";1;6259;"Eleições Gerais Estaduais 2026";"04/10/2026";"RN";"RN";"RIO GRANDE DO NORTE";10;"2º SUPLENTE";"COLIGAÇÃO";44;"UNIÃO";"UNIÃO BRASIL";104;"FEDERAÇÃO UNIÃO PROGRESSISTA";"44-UNIÃO/11-PP";"44-UNIÃO/11-PP";200001800248;"ESPERANÇA E TRABALHO";"REPUBLICANOS / MDB / PSD / FEDERAÇÃO RENOVAÇÃO SOLIDÁRIA(25-PRD/77-SOLIDARIEDADE) / FEDERAÇÃO UNIÃO PROGRESSISTA(44-UNIÃO/11-PP) / AVANTE";"A";"AGUARDANDO JULGAMENTO";"#NE"
"08/08/2026";"19:30:40";2026;2;"ELEIÇÃO ORDINÁRIA";1;6259;"Eleições Gerais Estaduais 2026";"04/10/2026";"RN";"RN";"RIO GRANDE DO NORTE";5;"SENADOR";"COLIGAÇÃO";15;"MDB";"MOVIMENTO DEMOCRÁTICO BRASILEIRO";-1;"#NULO";"#NULO";"#NULO";200001800248;"ESPERANÇA E TRABALHO";"REPUBLICANOS / MDB / PSD / FEDERAÇÃO RENOVAÇÃO SOLIDÁRIA(25-PRD/77-SOLIDARIEDADE) / FEDERAÇÃO UNIÃO PROGRESSISTA(44-UNIÃO/11-PP) / AVANTE";"A";"AGUARDANDO JULGAMENTO";"#NE"
"08/08/2026";"19:30:40";2026;2;"ELEIÇÃO ORDINÁRIA";1;6259;"Eleições Gerais Estaduais 2026";"04/10/2026";"RN";"RN";"RIO GRANDE DO NORTE";7;"DEPUTADO ESTADUAL";"PARTIDO ISOLADO";22;"PL";"PARTIDO LIBERAL";-1;"#NULO";"#NULO";"#NULO";200001800196;"#NULO";"PL";"A";"AGUARDANDO JULGAMENTO";"#NE"
"08/08/2026";"19:30:40";2026;2;"ELEIÇÃO ORDINÁRIA";1;6259;"Eleições Gerais Estaduais 2026";"04/10/2026";"RN";"RN";"RIO GRANDE DO NORTE";5;"SENADOR";"COLIGAÇÃO";30;"NOVO";"PARTIDO NOVO";-1;"#NULO";"#NULO";"#NULO";200001800164;"ENDIREITA RN";"PODE / PL / NOVO / FEDERAÇÃO PSDB CIDADANIA(PSDB/CIDADANIA)";"A";"AGUARDANDO JULGAMENTO";"#NE"
"08/08/2026";"19:30:40";2026;2;"ELEIÇÃO ORDINÁRIA";1;6259;"Eleições Gerais Estaduais 2026";"04/10/2026";"RN";"RN";"RIO GRANDE DO NORTE";3;"GOVERNADOR";"COLIGAÇÃO";44;"UNIÃO";"UNIÃO BRASIL";104;"FEDERAÇÃO UNIÃO PROGRESSISTA";"44-UNIÃO/11-PP";"44-UNIÃO/11-PP";200001800267;"ESPERANÇA E TRABALHO ";"REPUBLICANOS / MDB / PSD / AVANTE / FEDERAÇÃO RENOVAÇÃO SOLIDÁRIA(25-PRD/77-SOLIDARIEDADE) / FEDERAÇÃO UNIÃO PROGRESSISTA(44-UNIÃO/11-PP)";"A";"AGUARDANDO JULGAMENTO";"#NE"
"08/08/2026";"19:30:40";2026;2;"ELEIÇÃO ORDINÁRIA";1;6259;"Eleições Gerais Estaduais 2026";"04/10/2026";"RN";"RN";"RIO GRANDE DO NORTE";5;"SENADOR";"COLIGAÇÃO";70;"AVANTE";"AVANTE";-1;"#NULO";"#NULO";"#NULO";200001800248;"ESPERANÇA E TRABALHO";"REPUBLICANOS / MDB / PSD / FEDERAÇÃO RENOVAÇÃO SOLIDÁRIA(25-PRD/77-SOLIDARIEDADE) / FEDERAÇÃO UNIÃO PROGRESSISTA(44-UNIÃO/11-PP) / AVANTE";"A";"AGUARDANDO JULGAMENTO";"#NE"
"08/08/2026";"19:30:40";2026;2;"ELEIÇÃO ORDINÁRIA";1;6259;"Eleições Gerais Estaduais 2026";"04/10/2026";"RN";"RN";"RIO GRANDE DO NORTE";10;"2º SUPLENTE";"COLIGAÇÃO";12;"PDT";"PARTIDO DEMOCRÁTICO TRABALHISTA";-1;"#NULO";"#NULO";"#NULO";200001800192;"TIME QUE CUIDA";"PDT / PSB / FEDERAÇÃO BRASIL DA ESPERANÇA - FE BRASIL(PT/PC do B/PV)";"A";"AGUARDANDO JULGAMENTO";"#NE"
"08/08/2026";"19:30:40";2026;2;"ELEIÇÃO ORDINÁRIA";1;6259;"Eleições Gerais Estaduais 2026";"04/10/2026";"RN";"RN";"RIO GRANDE DO NORTE";5;"SENADOR";"COLIGAÇÃO";20;"PODE";"PODEMOS";-1;"#NULO";"#NULO";"#NULO";200001800164;"ENDIREITA RN";"PODE / PL / NOVO / FEDERAÇÃO PSDB CIDADANIA(PSDB/CIDADANIA)";"A";"AGUARDANDO JULGAMENTO";"#NE"
"08/08/2026";"19:30:40";2026;2;"ELEIÇÃO ORDINÁRIA";1;6259;"Eleições Gerais Estaduais 2026";"04/10/2026";"RN";"RN";"RIO GRANDE DO NORTE";5;"SENADOR";"COLIGAÇÃO";44;"UNIÃO";"UNIÃO BRASIL";104;"FEDERAÇÃO UNIÃO PROGRESSISTA";"44-UNIÃO/11-PP";"44-UNIÃO/11-PP";200001800248;"ESPERANÇA E TRABALHO";"REPUBLICANOS / MDB / PSD / FEDERAÇÃO RENOVAÇÃO SOLIDÁRIA(25-PRD/77-SOLIDARIEDADE) / FEDERAÇÃO UNIÃO PROGRESSISTA(44-UNIÃO/11-PP) / AVANTE";"A";"AGUARDANDO JULGAMENTO";"#NE"
"08/08/2026";"19:30:40";2026;2;"ELEIÇÃO ORDINÁRIA";1;6259;"Eleições Gerais Estaduais 2026";"04/10/2026";"RN";"RN";"RIO GRANDE DO NORTE";9;"1º SUPLENTE";"COLIGAÇÃO";44;"UNIÃO";"UNIÃO BRASIL";104;"FEDERAÇÃO UNIÃO PROGRESSISTA";"44-UNIÃO/11-PP";"44-UNIÃO/11-PP";200001800248;"ESPERANÇA E TRABALHO";"REPUBLICANOS / MDB / PSD / FEDERAÇÃO RENOVAÇÃO SOLIDÁRIA(25-PRD/77-SOLIDARIEDADE) / FEDERAÇÃO UNIÃO PROGRESSISTA(44-UNIÃO/11-PP) / AVANTE";"A";"AGUARDANDO JULGAMENTO";"#NE"
"08/08/2026";"19:30:40";2026;2;"ELEIÇÃO ORDINÁRIA";1;6259;"Eleições Gerais Estaduais 2026";"04/10/2026";"RN";"RN";"RIO GRANDE DO NORTE";4;"VICE-GOVERNADOR";"COLIGAÇÃO";55;"PSD";"PARTIDO SOCIAL DEMOCRÁTICO";-1;"#NULO";"#NULO";"#NULO";200001800267;"ESPERANÇA E TRABALHO ";"REPUBLICANOS / MDB / PSD / AVANTE / FEDERAÇÃO RENOVAÇÃO SOLIDÁRIA(25-PRD/77-SOLIDARIEDADE) / FEDERAÇÃO UNIÃO PROGRESSISTA(44-UNIÃO/11-PP)";"A";"AGUARDANDO JULGAMENTO";"#NE"
"08/08/2026";"19:30:40";2026;2;"ELEIÇÃO ORDINÁRIA";1;6259;"Eleições Gerais Estaduais 2026";"04/10/2026";"RN";"RN";"RIO GRANDE DO NORTE";10;"2º SUPLENTE";"COLIGAÇÃO";40;"PSB";"PARTIDO SOCIALISTA BRASILEIRO";-1;"#NULO";"#NULO";"#NULO";200001800192;"TIME QUE CUIDA";"PDT / PSB / FEDERAÇÃO BRASIL DA ESPERANÇA - FE BRASIL(PT/PC do B/PV)";"A";"AGUARDANDO JULGAMENTO";"#NE"
"08/08/2026";"19:30:40";2026;2;"ELEIÇÃO ORDINÁRIA";1;6259;"Eleições Gerais Estaduais 2026";"04/10/2026";"RN";"RN";"RIO GRANDE DO NORTE";5;"SENADOR";"COLIGAÇÃO";22;"PL";"PARTIDO LIBERAL";-1;"#NULO";"#NULO";"#NULO";200001800164;"ENDIREITA RN";"PODE / PL / NOVO / FEDERAÇÃO PSDB CIDADANIA(PSDB/CIDADANIA)";"A";"AGUARDANDO JULGAMENTO";"#NE"
"08/08/2026";"19:30:40";2026;2;"ELEIÇÃO ORDINÁRIA";1;6259;"Eleições Gerais Estaduais 2026";"04/10/2026";"RN";"RN";"RIO GRANDE DO NORTE";10;"2º SUPLENTE";"COLIGAÇÃO";13;"PT";"PARTIDO DOS TRABALHADORES";101;"FEDERAÇÃO BRASIL DA ESPERANÇA - FE BRASIL";"PT/PC do B/PV";"PT/PC do B/PV";200001800192;"TIME QUE CUIDA";"PDT / PSB / FEDERAÇÃO BRASIL DA ESPERANÇA - FE BRASIL(PT/PC do B/PV)";"A";"AGUARDANDO JULGAMENTO";"#NE"
"08/08/2026";"19:30:40";2026;2;"ELEIÇÃO ORDINÁRIA";1;6259;"Eleições Gerais Estaduais 2026";"04/10/2026";"RN";"RN";"RIO GRANDE DO NORTE";4;"VICE-GOVERNADOR";"COLIGAÇÃO";15;"MDB";"MOVIMENTO DEMOCRÁTICO BRASILEIRO";-1;"#NULO";"#NULO";"#NULO";200001800267;"ESPERANÇA E TRABALHO ";"REPUBLICANOS / MDB / PSD / AVANTE / FEDERAÇÃO RENOVAÇÃO SOLIDÁRIA(25-PRD/77-SOLIDARIEDADE) / FEDERAÇÃO UNIÃO PROGRESSISTA(44-UNIÃO/11-PP)";"A";"AGUARDANDO JULGAMENTO";"#NE"
"08/08/2026";"19:30:40";2026;2;"ELEIÇÃO ORDINÁRIA";1;6259;"Eleições Gerais Estaduais 2026";"04/10/2026";"RN";"RN";"RIO GRANDE DO NORTE";10;"2º SUPLENTE";"COLIGAÇÃO";25;"PRD";"PARTIDO RENOVACAO DEMOCRATICA";103;"FEDERAÇÃO RENOVAÇÃO SOLIDÁRIA";"25-PRD/77-SOLIDARIEDADE";"25-PRD/77-SOLIDARIEDADE";200001800248;"ESPERANÇA E TRABALHO";"REPUBLICANOS / MDB / PSD / FEDERAÇÃO RENOVAÇÃO SOLIDÁRIA(25-PRD/77-SOLIDARIEDADE) / FEDERAÇÃO UNIÃO PROGRESSISTA(44-UNIÃO/11-PP) / AVANTE";"A";"AGUARDANDO JULGAMENTO";"#NE"
"08/08/2026";"19:30:40";2026;2;"ELEIÇÃO ORDINÁRIA";1;6259;"Eleições Gerais Estaduais 2026";"04/10/2026";"RN";"RN";"RIO GRANDE DO NORTE";9;"1º SUPLENTE";"COLIGAÇÃO";55;"PSD";"PARTIDO SOCIAL DEMOCRÁTICO";-1;"#NULO";"#NULO";"#NULO";200001800248;"ESPERANÇA E TRABALHO";"REPUBLICANOS / MDB / PSD / FEDERAÇÃO RENOVAÇÃO SOLIDÁRIA(25-PRD/77-SOLIDARIEDADE) / FEDERAÇÃO UNIÃO PROGRESSISTA(44-UNIÃO/11-PP) / AVANTE";"A";"AGUARDANDO JULGAMENTO";"#NE"
"08/08/2026";"19:30:40";2026;2;"ELEIÇÃO ORDINÁRIA";1;6259;"Eleições Gerais Estaduais 2026";"04/10/2026";"RN";"RN";"RIO GRANDE DO NORTE";9;"1º SUPLENTE";"COLIGAÇÃO";20;"PODE";"PODEMOS";-1;"#NULO";"#NULO";"#NULO";200001800164;"ENDIREITA RN";"PODE / PL / NOVO / FEDERAÇÃO PSDB CIDADANIA(PSDB/CIDADANIA)";"A";"AGUARDANDO JULGAMENTO";"#NE"
"08/08/2026";"19:30:40";2026;2;"ELEIÇÃO ORDINÁRIA";1;6259;"Eleições Gerais Estaduais 2026";"04/10/2026";"RN";"RN";"RIO GRANDE DO NORTE";4;"VICE-GOVERNADOR";"COLIGAÇÃO";12;"PDT";"PARTIDO DEMOCRÁTICO TRABALHISTA";-1;"#NULO";"#NULO";"#NULO";200001800178;"TIME QUE CUIDA";"PDT / PSB / FEDERAÇÃO BRASIL DA ESPERANÇA - FE BRASIL(PT/PC do B/PV)";"A";"AGUARDANDO JULGAMENTO";"#NE"
"08/08/2026";"19:30:40";2026;2;"ELEIÇÃO ORDINÁRIA";1;6259;"Eleições Gerais Estaduais 2026";"04/10/2026";"RN";"RN";"RIO GRANDE DO NORTE";5;"SENADOR";"COLIGAÇÃO";77;"SOLIDARIEDADE";"SOLIDARIEDADE";103;"FEDERAÇÃO RENOVAÇÃO SOLIDÁRIA";"25-PRD/77-SOLIDARIEDADE";"25-PRD/77-SOLIDARIEDADE";200001800248;"ESPERANÇA E TRABALHO";"REPUBLICANOS / MDB / PSD / FEDERAÇÃO RENOVAÇÃO SOLIDÁRIA(25-PRD/77-SOLIDARIEDADE) / FEDERAÇÃO UNIÃO PROGRESSISTA(44-UNIÃO/11-PP) / AVANTE";"A";"AGUARDANDO JULGAMENTO";"#NE"
"08/08/2026";"19:30:40";2026;2;"ELEIÇÃO ORDINÁRIA";1;6259;"Eleições Gerais Estaduais 2026";"04/10/2026";"RN";"RN";"RIO GRANDE DO NORTE";5;"SENADOR";"COLIGAÇÃO";43;"PV";"PARTIDO VERDE";101;"FEDERAÇÃO BRASIL DA ESPERANÇA - FE BRASIL";"PT/PC do B/PV";"PT/PC do B/PV";200001800192;"TIME QUE CUIDA";"PDT / PSB / FEDERAÇÃO BRASIL DA ESPERANÇA - FE BRASIL(PT/PC do B/PV)";"A";"AGUARDANDO JULGAMENTO";"#NE"
"08/08/2026";"19:30:40";2026;2;"ELEIÇÃO ORDINÁRIA";1;6259;"Eleições Gerais Estaduais 2026";"04/10/2026";"RN";"RN";"RIO GRANDE DO NORTE";6;"DEPUTADO FEDERAL";"FEDERAÇÃO";43;"PV";"PARTIDO VERDE";101;"FEDERAÇÃO BRASIL DA ESPERANÇA - FE BRASIL";"PT/PC do B/PV";"PT/PC do B/PV";200001800194;"#NULO";"FEDERAÇÃO BRASIL DA ESPERANÇA - FE BRASIL(PT/PC do B/PV)";"A";"AGUARDANDO JULGAMENTO";"#NE"
"08/08/2026";"19:30:40";2026;2;"ELEIÇÃO ORDINÁRIA";1;6259;"Eleições Gerais Estaduais 2026";"04/10/2026";"RN";"RN";"RIO GRANDE DO NORTE";3;"GOVERNADOR";"COLIGAÇÃO";30;"NOVO";"PARTIDO NOVO";-1;"#NULO";"#NULO";"#NULO";200001800163;"ENDIREITA RN";"PODE / PL / NOVO / FEDERAÇÃO PSDB CIDADANIA(PSDB/CIDADANIA)";"A";"AGUARDANDO JULGAMENTO";"#NE"
"08/08/2026";"19:30:40";2026;2;"ELEIÇÃO ORDINÁRIA";1;6259;"Eleições Gerais Estaduais 2026";"04/10/2026";"RN";"RN";"RIO GRANDE DO NORTE";10;"2º SUPLENTE";"COLIGAÇÃO";23;"CIDADANIA";"CIDADANIA";100;"FEDERAÇÃO PSDB CIDADANIA";"PSDB/CIDADANIA";"PSDB/CIDADANIA";200001800164;"ENDIREITA RN";"PODE / PL / NOVO / FEDERAÇÃO PSDB CIDADANIA(PSDB/CIDADANIA)";"A";"AGUARDANDO JULGAMENTO";"#NE"
"08/08/2026";"19:30:40";2026;2;"ELEIÇÃO ORDINÁRIA";1;6259;"Eleições Gerais Estaduais 2026";"04/10/2026";"RN";"RN";"RIO GRANDE DO NORTE";4;"VICE-GOVERNADOR";"COLIGAÇÃO";77;"SOLIDARIEDADE";"SOLIDARIEDADE";103;"FEDERAÇÃO RENOVAÇÃO SOLIDÁRIA";"25-PRD/77-SOLIDARIEDADE";"25-PRD/77-SOLIDARIEDADE";200001800267;"ESPERANÇA E TRABALHO ";"REPUBLICANOS / MDB / PSD / AVANTE / FEDERAÇÃO RENOVAÇÃO SOLIDÁRIA(25-PRD/77-SOLIDARIEDADE) / FEDERAÇÃO UNIÃO PROGRESSISTA(44-UNIÃO/11-PP)";"A";"AGUARDANDO JULGAMENTO";"#NE"
"08/08/2026";"19:30:40";2026;2;"ELEIÇÃO ORDINÁRIA";1;6259;"Eleições Gerais Estaduais 2026";"04/10/2026";"RN";"RN";"RIO GRANDE DO NORTE";9;"1º SUPLENTE";"COLIGAÇÃO";10;"REPUBLICANOS";"REPUBLICANOS";-1;"#NULO";"#NULO";"#NULO";200001800248;"ESPERANÇA E TRABALHO";"REPUBLICANOS / MDB / PSD / FEDERAÇÃO RENOVAÇÃO SOLIDÁRIA(25-PRD/77-SOLIDARIEDADE) / FEDERAÇÃO UNIÃO PROGRESSISTA(44-UNIÃO/11-PP) / AVANTE";"A";"AGUARDANDO JULGAMENTO";"#NE"
"08/08/2026";"19:30:40";2026;2;"ELEIÇÃO ORDINÁRIA";1;6259;"Eleições Gerais Estaduais 2026";"04/10/2026";"RN";"RN";"RIO GRANDE DO NORTE";6;"DEPUTADO FEDERAL";"FEDERAÇÃO";44;"UNIÃO";"UNIÃO BRASIL";104;"FEDERAÇÃO UNIÃO PROGRESSISTA";"44-UNIÃO/11-PP";"44-UNIÃO/11-PP";200001800236;"#NULO";"FEDERAÇÃO UNIÃO PROGRESSISTA(44-UNIÃO/11-PP)";"A";"AGUARDANDO JULGAMENTO";"#NE"
"08/08/2026";"19:30:40";2026;2;"ELEIÇÃO ORDINÁRIA";1;6259;"Eleições Gerais Estaduais 2026";"04/10/2026";"RN";"RN";"RIO GRANDE DO NORTE";5;"SENADOR";"COLIGAÇÃO";12;"PDT";"PARTIDO DEMOCRÁTICO TRABALHISTA";-1;"#NULO";"#NULO";"#NULO";200001800192;"TIME QUE CUIDA";"PDT / PSB / FEDERAÇÃO BRASIL DA ESPERANÇA - FE BRASIL(PT/PC do B/PV)";"A";"AGUARDANDO JULGAMENTO";"#NE"
"08/08/2026";"19:30:40";2026;2;"ELEIÇÃO ORDINÁRIA";1;6259;"Eleições Gerais Estaduais 2026";"04/10/2026";"RN";"RN";"RIO GRANDE DO NORTE";7;"DEPUTADO ESTADUAL";"FEDERAÇÃO";45;"PSDB";"PARTIDO DA SOCIAL DEMOCRACIA BRASILEIRA";100;"FEDERAÇÃO PSDB CIDADANIA";"PSDB/CIDADANIA";"PSDB/CIDADANIA";200001800429;"#NULO";"FEDERAÇÃO PSDB CIDADANIA(PSDB/CIDADANIA)";"A";"AGUARDANDO JULGAMENTO";"#NE"
