"DT_GERACAO";"HH_GERACAO";"AA_ELEICAO";"SG_UF";"CD_TIPO_ELEICAO";"NM_TIPO_ELEICAO";"CD_ELEICAO";"DS_ELEICAO";"SQ_CANDIDATO";"NR_ORDEM_REDE_SOCIAL";"DS_URL"
"28/07/2026";"19:31:00";2026;"PR";2;"ELEIÇÃO ORDINÁRIA";6259;"ELEIÇÕES GERAIS ESTADUAIS 2026";160002532588;1;"HTTPS://WWW.YOUTUBE.COM/@MARIOCERTOREAL"
"28/07/2026";"19:31:00";2026;"PR";2;"ELEIÇÃO ORDINÁRIA";6259;"ELEIÇÕES GERAIS ESTADUAIS 2026";160002532588;3;"HTTPS://WWW.FACEBOOK.COM/MARIOTAKEGUMA/"
"28/07/2026";"19:31:00";2026;"PR";2;"ELEIÇÃO ORDINÁRIA";6259;"ELEIÇÕES GERAIS ESTADUAIS 2026";160002532588;2;"HTTPS://WWW.FACEBOOK.COM/MARIOCERTOMARINGA"
"28/07/2026";"19:31:00";2026;"PR";2;"ELEIÇÃO ORDINÁRIA";6259;"ELEIÇÕES GERAIS ESTADUAIS 2026";160002532588;6;"HTTPS://WWW.INSTAGRAM.COM/MARIOCERTOREAL/"
"28/07/2026";"19:31:00";2026;"PR";2;"ELEIÇÃO ORDINÁRIA";6259;"ELEIÇÕES GERAIS ESTADUAIS 2026";160002532588;4;"HTTPS://WWW.THREADS.COM/@MARIOCERTOREAL"
"28/07/2026";"19:31:00";2026;"PR";2;"ELEIÇÃO ORDINÁRIA";6259;"ELEIÇÕES GERAIS ESTADUAIS 2026";160002532588;5;"HTTPS://WWW.LINKEDIN.COM/IN/MARIOCERTO/"
"28/07/2026";"19:31:00";2026;"PR";2;"ELEIÇÃO ORDINÁRIA";6259;"ELEIÇÕES GERAIS ESTADUAIS 2026";160002532588;9;"HTTPS://WWW.FACEBOOK.COM/MARIOCERTO2026/"
"28/07/2026";"19:31:00";2026;"PR";2;"ELEIÇÃO ORDINÁRIA";6259;"ELEIÇÕES GERAIS ESTADUAIS 2026";160002532588;7;"HTTPS://WWW.FACEBOOK.COM/MARIOSETOTAKEGUMA/"
"28/07/2026";"19:31:00";2026;"PR";2;"ELEIÇÃO ORDINÁRIA";6259;"ELEIÇÕES GERAIS ESTADUAIS 2026";160002532588;8;"HTTPS://WWW.FACEBOOK.COM/MARIOCERTO"
"28/07/2026";"19:31:00";2026;"PR";2;"ELEIÇÃO ORDINÁRIA";6259;"ELEIÇÕES GERAIS ESTADUAIS 2026";160002532588;10;"HTTPS://WWW.TIKTOK.COM/@MARIOCERTOREAL"
"28/07/2026";"19:31:00";2026;"PR";2;"ELEIÇÃO ORDINÁRIA";6259;"ELEIÇÕES GERAIS ESTADUAIS 2026";160002532589;2;"FACEBOOK: FERNANDÃO ANTÔNIO TEIGÃO"
"28/07/2026";"19:31:00";2026;"PR";2;"ELEIÇÃO ORDINÁRIA";6259;"ELEIÇÕES GERAIS ESTADUAIS 2026";160002532589;1;"INSTAGRAM: FERNANDÃO PITANGA"
"28/07/2026";"19:31:00";2026;"PR";2;"ELEIÇÃO ORDINÁRIA";6259;"ELEIÇÕES GERAIS ESTADUAIS 2026";160002532590;1;"HTTPS://WWW.INSTAGRAM.COM/CAMILLAGONDA?IGSH=MML3MNPUCWX0NW4= //"
"28/07/2026";"19:31:00";2026;"PR";2;"ELEIÇÃO ORDINÁRIA";6259;"ELEIÇÕES GERAIS ESTADUAIS 2026";160002532589;3;"INSTAGRAM: FERNANDO TEIGÃO"
"28/07/2026";"19:31:00";2026;"PR";2;"ELEIÇÃO ORDINÁRIA";6259;"ELEIÇÕES GERAIS ESTADUAIS 2026";160002532590;2;"HTTPS://WWW.TIKTOK.COM/@CAMILLAGONDA?_R=1&_T=ZS-98HP1IQIUID"
"28/07/2026";"19:31:00";2026;"PR";2;"ELEIÇÃO ORDINÁRIA";6259;"ELEIÇÕES GERAIS ESTADUAIS 2026";160002532591;1;"INSTAGRAM: HTTPS://WWW.INSTAGRAM.COM/CHARLESTONJUNIORINCLUSAO?IGSH=MTNHMNNZNTLSA"
"28/07/2026";"19:31:00";2026;"PR";2;"ELEIÇÃO ORDINÁRIA";6259;"ELEIÇÕES GERAIS ESTADUAIS 2026";160002532590;4;"HTTPS://X.COM/CAMILLAGONDA?S=21"
"28/07/2026";"19:31:00";2026;"PR";2;"ELEIÇÃO ORDINÁRIA";6259;"ELEIÇÕES GERAIS ESTADUAIS 2026";160002532590;3;"HTTPS://WWW.FACEBOOK.COM/CAMILLA.GONDA"
"28/07/2026";"19:31:00";2026;"PR";2;"ELEIÇÃO ORDINÁRIA";6259;"ELEIÇÕES GERAIS ESTADUAIS 2026";160002532592;1;"HTTPS://WWW.INSTAGRAM.COM/OMAR.PICHETH"
"28/07/2026";"19:31:00";2026;"PR";2;"ELEIÇÃO ORDINÁRIA";6259;"ELEIÇÕES GERAIS ESTADUAIS 2026";160002532591;2;"FACEBOOK: HTTPS://WWW.FACEBOOK.COM/SHARE/17CSVDJ63J/?MIBEXTID=WWXIFR"
"28/07/2026";"19:31:00";2026;"PR";2;"ELEIÇÃO ORDINÁRIA";6259;"ELEIÇÕES GERAIS ESTADUAIS 2026";160002532592;2;"HTTPS://WWW.FACEBOOK.COM/OMAR.PICHETH"
"28/07/2026";"19:31:00";2026;"PR";2;"ELEIÇÃO ORDINÁRIA";6259;"ELEIÇÕES GERAIS ESTADUAIS 2026";160002532593;1;"HTTPS://ELEANGELA.COM.BR/"
"28/07/2026";"19:31:00";2026;"PR";2;"ELEIÇÃO ORDINÁRIA";6259;"ELEIÇÕES GERAIS ESTADUAIS 2026";160002532593;3;"HTTPS://WWW.FACEBOOK.COM/ELEANGELACERVILHA"
"28/07/2026";"19:31:00";2026;"PR";2;"ELEIÇÃO ORDINÁRIA";6259;"ELEIÇÕES GERAIS ESTADUAIS 2026";160002532593;2;"HTTPS://WWW.INSTAGRAM.COM/ELEANGELACERVILHA/"
"28/07/2026";"19:31:00";2026;"PR";2;"ELEIÇÃO ORDINÁRIA";6259;"ELEIÇÕES GERAIS ESTADUAIS 2026";160002532593;5;"HTTPS://WWW.LINKEDIN.COM/IN/ELEANGELA-CERVILHA/"
"28/07/2026";"19:31:00";2026;"PR";2;"ELEIÇÃO ORDINÁRIA";6259;"ELEIÇÕES GERAIS ESTADUAIS 2026";160002532593;4;"HTTPS://WWW.FACEBOOK.COM/ELEANGELAPARANA/"
"28/07/2026";"19:31:00";2026;"PR";2;"ELEIÇÃO ORDINÁRIA";6259;"ELEIÇÕES GERAIS ESTADUAIS 2026";160002532593;6;"HTTPS://WWW.TIKTOK.COM/@ELEANGELA"
"28/07/2026";"19:31:00";2026;"PR";2;"ELEIÇÃO ORDINÁRIA";6259;"ELEIÇÕES GERAIS ESTADUAIS 2026";160002532593;9;"HTTPS://WWW.YOUTUBE.COM/@ELEANGELACERVILHA"
"28/07/2026";"19:31:00";2026;"PR";2;"ELEIÇÃO ORDINÁRIA";6259;"ELEIÇÕES GERAIS ESTADUAIS 2026";160002532593;7;"HTTPS://WWW.YOUTUBE.COM/@ELEANGELA14"
"28/07/2026";"19:31:00";2026;"PR";2;"ELEIÇÃO ORDINÁRIA";6259;"ELEIÇÕES GERAIS ESTADUAIS 2026";160002532593;8;"HTTPS://WWW.YOUTUBE.COM/@ELEANGELAVASQUE"
"28/07/2026";"19:31:00";2026;"PR";2;"ELEIÇÃO ORDINÁRIA";6259;"ELEIÇÕES GERAIS ESTADUAIS 2026";160002532593;10;"HTTPS://WWW.VAKINHA.COM.BR/VAQUINHA/ELEANGELA-2026"
"28/07/2026";"19:31:00";2026;"PR";2;"ELEIÇÃO ORDINÁRIA";6259;"ELEIÇÕES GERAIS ESTADUAIS 2026";160002532594;1;"HTTPS://WWW.INSTAGRAM.COM/EDSON_FERNANDO16/"
"28/07/2026";"19:31:00";2026;"PR";2;"ELEIÇÃO ORDINÁRIA";6259;"ELEIÇÕES GERAIS ESTADUAIS 2026";160002532595;1;"HTTPS://ANDERSONDEOLI.COM.BR"
"28/07/2026";"19:31:00";2026;"PR";2;"ELEIÇÃO ORDINÁRIA";6259;"ELEIÇÕES GERAIS ESTADUAIS 2026";160002532595;3;"HTTPS://WWW.TIKTOK.COM/@DEOLIANDERSON"
"28/07/2026";"19:31:00";2026;"PR";2;"ELEIÇÃO ORDINÁRIA";6259;"ELEIÇÕES GERAIS ESTADUAIS 2026";160002532595;2;"HTTPS://FACEBOOK.COM/DEOLIANDERSON"
"28/07/2026";"19:31:00";2026;"PR";2;"ELEIÇÃO ORDINÁRIA";6259;"ELEIÇÕES GERAIS ESTADUAIS 2026";160002532595;4;"HTTPS://X.COM/DEOLIANDERSON"
"28/07/2026";"19:31:00";2026;"PR";2;"ELEIÇÃO ORDINÁRIA";6259;"ELEIÇÕES GERAIS ESTADUAIS 2026";160002532596;1;"FACEBOOK: HTTPS://WWW.FACEBOOK.COM/LUCIANODUCCI"
"28/07/2026";"19:31:00";2026;"PR";2;"ELEIÇÃO ORDINÁRIA";6259;"ELEIÇÕES GERAIS ESTADUAIS 2026";160002532595;5;"HTTPS://YOUTUBE.COM/@DEOLIANDERSON"
"28/07/2026";"19:31:00";2026;"PR";2;"ELEIÇÃO ORDINÁRIA";6259;"ELEIÇÕES GERAIS ESTADUAIS 2026";160002532595;6;"HTTPS://INSTAGRAM.COM/DEOLIANDERSON"
"28/07/2026";"19:31:00";2026;"PR";2;"ELEIÇÃO ORDINÁRIA";6259;"ELEIÇÕES GERAIS ESTADUAIS 2026";160002532596;4;"TIKTOK: HTTPS://WWW.TIKTOK.COM/@LUCIANO_DUCCI"
"28/07/2026";"19:31:00";2026;"PR";2;"ELEIÇÃO ORDINÁRIA";6259;"ELEIÇÕES GERAIS ESTADUAIS 2026";160002532596;2;"X: HTTPS://X.COM/LUCIANODUCCI"
"28/07/2026";"19:31:00";2026;"PR";2;"ELEIÇÃO ORDINÁRIA";6259;"ELEIÇÕES GERAIS ESTADUAIS 2026";160002532596;3;"INSTAGRAM @LUCIANODUCCI"
"28/07/2026";"19:31:00";2026;"PR";2;"ELEIÇÃO ORDINÁRIA";6259;"ELEIÇÕES GERAIS ESTADUAIS 2026";160002532596;5;"KWAI : HTTPS://WWW.KWAI.COM/@LUCIANODUCCI"
"28/07/2026";"19:31:00";2026;"PR";2;"ELEIÇÃO ORDINÁRIA";6259;"ELEIÇÕES GERAIS ESTADUAIS 2026";160002532598;1;"INSTAGRAM/TIKTOK: @LUCASSIQUEIRA.PR"
"28/07/2026";"19:31:00";2026;"PR";2;"ELEIÇÃO ORDINÁRIA";6259;"ELEIÇÕES GERAIS ESTADUAIS 2026";160002532597;1;"@THAISGOMESCWB"
"28/07/2026";"19:31:00";2026;"PR";2;"ELEIÇÃO ORDINÁRIA";6259;"ELEIÇÕES GERAIS ESTADUAIS 2026";160002532599;2;"HTTPS://WWW.TIKTOK.COM/@VANDERLEI_ARRUDA?_R=1&_T=ZS-98HHJ8U5RE1"
"28/07/2026";"19:31:00";2026;"PR";2;"ELEIÇÃO ORDINÁRIA";6259;"ELEIÇÕES GERAIS ESTADUAIS 2026";160002532598;2;"FACEBOOK: LUCAS SIQUEIRA DIONISIO"
"28/07/2026";"19:31:00";2026;"PR";2;"ELEIÇÃO ORDINÁRIA";6259;"ELEIÇÕES GERAIS ESTADUAIS 2026";160002532599;1;"HTTPS://WWW.INSTAGRAM.COM/VANDERLEIARRUDA?UTM_SOURCE=QR"
"28/07/2026";"19:31:00";2026;"PR";2;"ELEIÇÃO ORDINÁRIA";6259;"ELEIÇÕES GERAIS ESTADUAIS 2026";160002532599;3;"HTTPS://YOUTUBE.COM/@VANDERLEI.ARRUDA?SI=JAQ_SWOX4WFYIJGL"
"28/07/2026";"19:31:00";2026;"PR";2;"ELEIÇÃO ORDINÁRIA";6259;"ELEIÇÕES GERAIS ESTADUAIS 2026";160002532600;1;"THREADS: @RESOLDANI E @REJANESOLDANI"
"28/07/2026";"19:31:00";2026;"PR";2;"ELEIÇÃO ORDINÁRIA";6259;"ELEIÇÕES GERAIS ESTADUAIS 2026";160002532600;2;"WWW.REJANESOLDANI.COM.BR"
"28/07/2026";"19:31:00";2026;"PR";2;"ELEIÇÃO ORDINÁRIA";6259;"ELEIÇÕES GERAIS ESTADUAIS 2026";160002532600;3;"FACEBOOK:RESOLDANI E REJANESOLDANI"
"28/07/2026";"19:31:00";2026;"PR";2;"ELEIÇÃO ORDINÁRIA";6259;"ELEIÇÕES GERAIS ESTADUAIS 2026";160002532600;4;"TIKTOK:@REJANE.SOLDANI"
"28/07/2026";"19:31:00";2026;"PR";2;"ELEIÇÃO ORDINÁRIA";6259;"ELEIÇÕES GERAIS ESTADUAIS 2026";160002532600;5;"YOUTUBE:@REJANESOLDANI7246"
"28/07/2026";"19:31:00";2026;"PR";2;"ELEIÇÃO ORDINÁRIA";6259;"ELEIÇÕES GERAIS ESTADUAIS 2026";160002532600;6;"INSTAGRAM: @RESOLDANI E @REJANESOLDANI"
"28/07/2026";"19:31:00";2026;"PR";2;"ELEIÇÃO ORDINÁRIA";6259;"ELEIÇÕES GERAIS ESTADUAIS 2026";160002532601;2;"HTTPS://WWW.FACEBOOK.COM/SHARE/1ERZVZRMDX/"
"28/07/2026";"19:31:00";2026;"PR";2;"ELEIÇÃO ORDINÁRIA";6259;"ELEIÇÕES GERAIS ESTADUAIS 2026";160002532601;1;"HTTPS://WWW.INSTAGRAM.COM/MARLIDIASGOLCALVES?IGSH=MWZ3BWJ6OXDRATZJMG=="
"28/07/2026";"19:31:00";2026;"PR";2;"ELEIÇÃO ORDINÁRIA";6259;"ELEIÇÕES GERAIS ESTADUAIS 2026";160002532602;2;"HTTPS://WWW.INSTAGRAM.COM/ASCARICLODOMIR/"
"28/07/2026";"19:31:00";2026;"PR";2;"ELEIÇÃO ORDINÁRIA";6259;"ELEIÇÕES GERAIS ESTADUAIS 2026";160002532602;1;"HTTPS://BR.LINKEDIN.COM/IN/ASCARICLODOMIR"
"28/07/2026";"19:31:00";2026;"PR";2;"ELEIÇÃO ORDINÁRIA";6259;"ELEIÇÕES GERAIS ESTADUAIS 2026";160002532603;1;"HTTPS://WWW.FACEBOOK.COM/MARIA.APARECIDA.7773631/"
"28/07/2026";"19:31:00";2026;"PR";2;"ELEIÇÃO ORDINÁRIA";6259;"ELEIÇÕES GERAIS ESTADUAIS 2026";160002532605;2;"FACEBOOK: INVESTIGADOR KLEBER IVODE III"
"28/07/2026";"19:31:00";2026;"PR";2;"ELEIÇÃO ORDINÁRIA";6259;"ELEIÇÕES GERAIS ESTADUAIS 2026";160002532604;1;"FACEBOOK: ARI.RIBEIROC"
"28/07/2026";"19:31:00";2026;"PR";2;"ELEIÇÃO ORDINÁRIA";6259;"ELEIÇÕES GERAIS ESTADUAIS 2026";160002532605;1;"FACEBOOK: INVESTIGADOR KLEBER IVODE II"
"28/07/2026";"19:31:00";2026;"PR";2;"ELEIÇÃO ORDINÁRIA";6259;"ELEIÇÕES GERAIS ESTADUAIS 2026";160002532605;4;"INSTAGRAM: KLEBER_KOMBATE"
"28/07/2026";"19:31:00";2026;"PR";2;"ELEIÇÃO ORDINÁRIA";6259;"ELEIÇÕES GERAIS ESTADUAIS 2026";160002532605;3;"FACEBOOK: INVESTIGADOR KLEBER IVODE"
"28/07/2026";"19:31:00";2026;"PR";2;"ELEIÇÃO ORDINÁRIA";6259;"ELEIÇÕES GERAIS ESTADUAIS 2026";160002532605;5;"KI NOTÍCIAS LONDRINA"
"28/07/2026";"19:31:00";2026;"PR";2;"ELEIÇÃO ORDINÁRIA";6259;"ELEIÇÕES GERAIS ESTADUAIS 2026";160002532605;6;"TIK TOK: KLEBER KOMBATE"
"28/07/2026";"19:31:00";2026;"PR";2;"ELEIÇÃO ORDINÁRIA";6259;"ELEIÇÕES GERAIS ESTADUAIS 2026";160002532606;1;"HTTPS://WWW.YOUTUBE.COM/@PROF.GUSTAVOAGUERA"
"28/07/2026";"19:31:00";2026;"PR";2;"ELEIÇÃO ORDINÁRIA";6259;"ELEIÇÕES GERAIS ESTADUAIS 2026";160002532606;2;"HTTPS://WWW.INSTAGRAM.COM/PROF.GUSTAVOAGUERA/"
"28/07/2026";"19:31:00";2026;"PR";2;"ELEIÇÃO ORDINÁRIA";6259;"ELEIÇÕES GERAIS ESTADUAIS 2026";160002532607;1;"HTTPS://WWW.INSTAGRAM.COM/LAMBE_LAMBE15/"
"28/07/2026";"19:31:00";2026;"PR";2;"ELEIÇÃO ORDINÁRIA";6259;"ELEIÇÕES GERAIS ESTADUAIS 2026";160002532606;3;"HTTPS://WWW.TIKTOK.COM/@GHAGUERA?_R=1&_T=ZS-98GDSLWG1KM"
"28/07/2026";"19:31:00";2026;"PR";2;"ELEIÇÃO ORDINÁRIA";6259;"ELEIÇÕES GERAIS ESTADUAIS 2026";160002532606;4;"HTTPS://WWW.FACEBOOK.COM/SOCIED.PENSANTE"
"28/07/2026";"19:31:00";2026;"PR";2;"ELEIÇÃO ORDINÁRIA";6259;"ELEIÇÕES GERAIS ESTADUAIS 2026";160002532607;2;"HTTPS://WWW.FACEBOOK.COM/PROFILE.PHP?ID=100080322514233"
"28/07/2026";"19:31:00";2026;"PR";2;"ELEIÇÃO ORDINÁRIA";6259;"ELEIÇÕES GERAIS ESTADUAIS 2026";160002532608;1;"SOLITARIOMUDAN / FACEBOOK"
"28/07/2026";"19:31:00";2026;"PR";2;"ELEIÇÃO ORDINÁRIA";6259;"ELEIÇÕES GERAIS ESTADUAIS 2026";160002532608;2;"@SOLITARIOS2121 / FACEBOOK"
"28/07/2026";"19:31:00";2026;"PR";2;"ELEIÇÃO ORDINÁRIA";6259;"ELEIÇÕES GERAIS ESTADUAIS 2026";160002532608;3;"SOLITARIO MUDANÇA / FACEBOOK"
"28/07/2026";"19:31:00";2026;"PR";2;"ELEIÇÃO ORDINÁRIA";6259;"ELEIÇÕES GERAIS ESTADUAIS 2026";160002532608;4;"MUDANÇAS FÃ CLUBE / FACEBOOK"
"28/07/2026";"19:31:00";2026;"PR";2;"ELEIÇÃO ORDINÁRIA";6259;"ELEIÇÕES GERAIS ESTADUAIS 2026";160002532608;5;"@MARCELO.DA.ROSA4 TIKTOK"
"28/07/2026";"19:31:00";2026;"PR";2;"ELEIÇÃO ORDINÁRIA";6259;"ELEIÇÕES GERAIS ESTADUAIS 2026";160002532609;3;"INSTAGRAM.COM/VEREADORGILSONDAAMBULANCIA"
"28/07/2026";"19:31:00";2026;"PR";2;"ELEIÇÃO ORDINÁRIA";6259;"ELEIÇÕES GERAIS ESTADUAIS 2026";160002532609;2;"FACEBOOK.COM/VEREADOR.GILSON"
"28/07/2026";"19:31:00";2026;"PR";2;"ELEIÇÃO ORDINÁRIA";6259;"ELEIÇÕES GERAIS ESTADUAIS 2026";160002532609;1;"FACEBOOK.COM/GILSONDAAMBULANCIA"
"28/07/2026";"19:31:00";2026;"PR";2;"ELEIÇÃO ORDINÁRIA";6259;"ELEIÇÕES GERAIS ESTADUAIS 2026";160002532609;4;"TIKTOK.COM/@VEREADORGILSONSILVA"
"28/07/2026";"19:31:00";2026;"PR";2;"ELEIÇÃO ORDINÁRIA";6259;"ELEIÇÕES GERAIS ESTADUAIS 2026";160002532610;1;"INSTAGRAM: AMAND.MED2020"
"28/07/2026";"19:31:00";2026;"PR";2;"ELEIÇÃO ORDINÁRIA";6259;"ELEIÇÕES GERAIS ESTADUAIS 2026";160002532610;2;"FACEBOOK: AMANDA MEDEIROS"
"28/07/2026";"19:31:00";2026;"PR";2;"ELEIÇÃO ORDINÁRIA";6259;"ELEIÇÕES GERAIS ESTADUAIS 2026";160002532611;1;"@MACAROLESKI // YOUTUBE"
"28/07/2026";"19:31:00";2026;"PR";2;"ELEIÇÃO ORDINÁRIA";6259;"ELEIÇÕES GERAIS ESTADUAIS 2026";160002532612;1;"ELAINE MARINS  ( FACE)"
"28/07/2026";"19:31:00";2026;"PR";2;"ELEIÇÃO ORDINÁRIA";6259;"ELEIÇÕES GERAIS ESTADUAIS 2026";160002532611;2;"@MARILU.CAROLESKI // INSTAGRAM"
"28/07/2026";"19:31:00";2026;"PR";2;"ELEIÇÃO ORDINÁRIA";6259;"ELEIÇÕES GERAIS ESTADUAIS 2026";160002532614;1;"INSTRAGRAM: @FRANCISMARPRESTESLEAL"
"28/07/2026";"19:31:00";2026;"PR";2;"ELEIÇÃO ORDINÁRIA";6259;"ELEIÇÕES GERAIS ESTADUAIS 2026";160002532612;2;"@ELAINEMARINSOFICIAL (INSTA)"
"28/07/2026";"19:31:00";2026;"PR";2;"ELEIÇÃO ORDINÁRIA";6259;"ELEIÇÕES GERAIS ESTADUAIS 2026";160002532613;1;"HTTPS://WWW.FACEBOOK.COM/DIRA.LAUTON.9/?LOCALE=PT_BR"
"28/07/2026";"19:31:00";2026;"PR";2;"ELEIÇÃO ORDINÁRIA";6259;"ELEIÇÕES GERAIS ESTADUAIS 2026";160002532614;2;"TIK TOK: @DR.FRANCISMAR.LEAL"
"28/07/2026";"19:31:00";2026;"PR";2;"ELEIÇÃO ORDINÁRIA";6259;"ELEIÇÕES GERAIS ESTADUAIS 2026";160002532614;3;"YOUTUBE: @DRFRANCISMARPRESTESLEAL"
"28/07/2026";"19:31:00";2026;"PR";2;"ELEIÇÃO ORDINÁRIA";6259;"ELEIÇÕES GERAIS ESTADUAIS 2026";160002532614;4;"FACEBOOK: @DR FRANCISMAR PRESTES"
"28/07/2026";"19:31:00";2026;"PR";2;"ELEIÇÃO ORDINÁRIA";6259;"ELEIÇÕES GERAIS ESTADUAIS 2026";160002532617;1;"FACEBOOK/ HAROLDO FETREIRA"
"28/07/2026";"19:31:00";2026;"PR";2;"ELEIÇÃO ORDINÁRIA";6259;"ELEIÇÕES GERAIS ESTADUAIS 2026";160002532614;5;"@FRANCISMAR PRESTES LEAL"
"28/07/2026";"19:31:00";2026;"PR";2;"ELEIÇÃO ORDINÁRIA";6259;"ELEIÇÕES GERAIS ESTADUAIS 2026";160002532616;1;"@MOTIVANDOCOMSEGURANCA_ROMULO"
"28/07/2026";"19:31:00";2026;"PR";2;"ELEIÇÃO ORDINÁRIA";6259;"ELEIÇÕES GERAIS ESTADUAIS 2026";160002532618;1;"HTTPS://WWW.INSTAGRAM.COM/CARLINHOSBANDAGARRAFAO?IGSH=EDLPZ2RPY2PKZZJU"
"28/07/2026";"19:31:00";2026;"PR";2;"ELEIÇÃO ORDINÁRIA";6259;"ELEIÇÕES GERAIS ESTADUAIS 2026";160002532618;2;"HTTPS://WWW.TIKTOK.COM/@CARLINHOSDABANDAGARRAFAO?_R=1&_T=ZS-98FKJO27R6B"
"28/07/2026";"19:31:00";2026;"PR";2;"ELEIÇÃO ORDINÁRIA";6259;"ELEIÇÕES GERAIS ESTADUAIS 2026";160002532617;2;"SITE: HTTPS://DRHATOLDO.MED.BR"
"28/07/2026";"19:31:00";2026;"PR";2;"ELEIÇÃO ORDINÁRIA";6259;"ELEIÇÕES GERAIS ESTADUAIS 2026";160002532849;1;"HTTPS://WWW.INSTAGRAM.COM/GABRIELPAVAN2026?UTM_SOURCE=QR&IGSH=MW05MWYYY2KWDNBLBA"
"28/07/2026";"19:31:00";2026;"PR";2;"ELEIÇÃO ORDINÁRIA";6259;"ELEIÇÕES GERAIS ESTADUAIS 2026";160002532849;3;"HTTPS://WWW.INSTAGRAM.COM/GABRIELSILVA.CTBA?IGSH=MXBIMNO2Y2QYNMFMAA=="
"28/07/2026";"19:31:00";2026;"PR";2;"ELEIÇÃO ORDINÁRIA";6259;"ELEIÇÕES GERAIS ESTADUAIS 2026";160002532849;2;"HTTPS://WWW.FACEBOOK.COM/GABRIEL.FERNANDA.CTBA"
"28/07/2026";"19:31:00";2026;"PR";2;"ELEIÇÃO ORDINÁRIA";6259;"ELEIÇÕES GERAIS ESTADUAIS 2026";160002532849;4;"HTTPS://WWW.FACEBOOK.COM/GABRIEL.SOUZADASILVA.526"
"28/07/2026";"19:31:00";2026;"PR";2;"ELEIÇÃO ORDINÁRIA";6259;"ELEIÇÕES GERAIS ESTADUAIS 2026";160002532850;2;"HTTPS://WWW.FACEBOOK.COM/THIAGO.KODAMA"
"28/07/2026";"19:31:00";2026;"PR";2;"ELEIÇÃO ORDINÁRIA";6259;"ELEIÇÕES GERAIS ESTADUAIS 2026";160002532850;1;"HTTPS://WWW.INSTAGRAM.COM/THIAGOKODAMA"
"28/07/2026";"19:31:00";2026;"PR";2;"ELEIÇÃO ORDINÁRIA";6259;"ELEIÇÕES GERAIS ESTADUAIS 2026";160002532850;3;"HTPS:/WWW.TIKTOK.COM/@THIAGOKODAMA?_R=1&_T=ZS-981XSOHUHHU"
"28/07/2026";"19:31:00";2026;"PR";2;"ELEIÇÃO ORDINÁRIA";6259;"ELEIÇÕES GERAIS ESTADUAIS 2026";160002532850;5;"HTTPS://YOUTUBE.COM/@THIAGOKODAMA?SI=COXRMUBYSG2TDCIS"
"28/07/2026";"19:31:00";2026;"PR";2;"ELEIÇÃO ORDINÁRIA";6259;"ELEIÇÕES GERAIS ESTADUAIS 2026";160002532850;4;"HTTPS://WWW.THIAGOKODAMA.COM.BR/"
"28/07/2026";"19:31:00";2026;"PR";2;"ELEIÇÃO ORDINÁRIA";6259;"ELEIÇÕES GERAIS ESTADUAIS 2026";160002532850;7;"HTTPS://WWW.FACEBOOK.COM/KODAMAFOZ"
"28/07/2026";"19:31:00";2026;"PR";2;"ELEIÇÃO ORDINÁRIA";6259;"ELEIÇÕES GERAIS ESTADUAIS 2026";160002532850;6;"HTTPS://X.COM/KODAMATHIAGO?S=21&T=CXFJHF441-NTMHYHPPGBEQ"
"28/07/2026";"19:31:00";2026;"PR";2;"ELEIÇÃO ORDINÁRIA";6259;"ELEIÇÕES GERAIS ESTADUAIS 2026";160002532851;1;"HTTPS://TWITTER.COM/DEPUTADOTONINHO"
"28/07/2026";"19:31:00";2026;"PR";2;"ELEIÇÃO ORDINÁRIA";6259;"ELEIÇÕES GERAIS ESTADUAIS 2026";160002532851;4;"HTTPS://WWW.INSTAGRAM.COM/TONINHOWANDSCHEER/"
"28/07/2026";"19:31:00";2026;"PR";2;"ELEIÇÃO ORDINÁRIA";6259;"ELEIÇÕES GERAIS ESTADUAIS 2026";160002532851;2;"HTTPS://WWW.YOUTUBE.COM/@TONINHOWANDSCHEER3810"
"28/07/2026";"19:31:00";2026;"PR";2;"ELEIÇÃO ORDINÁRIA";6259;"ELEIÇÕES GERAIS ESTADUAIS 2026";160002532851;3;"HTTPS://WWW.DEPUTADOTONINHO.COM.BR/"
"28/07/2026";"19:31:00";2026;"PR";2;"ELEIÇÃO ORDINÁRIA";6259;"ELEIÇÕES GERAIS ESTADUAIS 2026";160002532851;7;"HTTPS://WWW.FACEBOOK.COM/DEPUTADOTONINHO"
"28/07/2026";"19:31:00";2026;"PR";2;"ELEIÇÃO ORDINÁRIA";6259;"ELEIÇÕES GERAIS ESTADUAIS 2026";160002532851;5;"HTTPS://WWW.THREADS.COM/@TONINHOWANDSCHEER"
"28/07/2026";"19:31:00";2026;"PR";2;"ELEIÇÃO ORDINÁRIA";6259;"ELEIÇÕES GERAIS ESTADUAIS 2026";160002532851;6;"WWW.TIKTOK.COM/@TONINHOWANDSCHEER"
"28/07/2026";"19:31:00";2026;"PR";2;"ELEIÇÃO ORDINÁRIA";6259;"ELEIÇÕES GERAIS ESTADUAIS 2026";160002532852;2;"HTTPS://WWW.FACEBOOK.COM/FRANGAOFEDERAL"
"28/07/2026";"19:31:00";2026;"PR";2;"ELEIÇÃO ORDINÁRIA";6259;"ELEIÇÕES GERAIS ESTADUAIS 2026";160002532852;3;"HTTPS://WWW.TIKTOK.COM/@FRANGAOFEDERAL"
"28/07/2026";"19:31:00";2026;"PR";2;"ELEIÇÃO ORDINÁRIA";6259;"ELEIÇÕES GERAIS ESTADUAIS 2026";160002532852;1;"HTTPS://WWW.INSTAGRAM.COM/FRANGAOFEDERAL"
"28/07/2026";"19:31:00";2026;"PR";2;"ELEIÇÃO ORDINÁRIA";6259;"ELEIÇÕES GERAIS ESTADUAIS 2026";160002532853;3;"HTTPS://WWW.THREADS.COM/@CRISTINARSILVESTRI"
"28/07/2026";"19:31:00";2026;"PR";2;"ELEIÇÃO ORDINÁRIA";6259;"ELEIÇÕES GERAIS ESTADUAIS 2026";160002532853;1;"HTTPS://WWW.FACEBOOK.COM/DEPCRISTINASILVESTRI/?LOCALE=PT_BR"
"28/07/2026";"19:31:00";2026;"PR";2;"ELEIÇÃO ORDINÁRIA";6259;"ELEIÇÕES GERAIS ESTADUAIS 2026";160002532853;2;"HTTPS://WWW.YOUTUBE.COM/@CRISTINASILVESTRI5765"
"28/07/2026";"19:31:00";2026;"PR";2;"ELEIÇÃO ORDINÁRIA";6259;"ELEIÇÕES GERAIS ESTADUAIS 2026";160002532853;4;"HTTPS://WWW.YOUTUBE.COM/@CRISTINASILVESTRI9586"
"28/07/2026";"19:31:00";2026;"PR";2;"ELEIÇÃO ORDINÁRIA";6259;"ELEIÇÕES GERAIS ESTADUAIS 2026";160002532853;6;"HTTPS://WWW.INSTAGRAM.COM/CRISTINARSILVESTRI/?HL=EN"
"28/07/2026";"19:31:00";2026;"PR";2;"ELEIÇÃO ORDINÁRIA";6259;"ELEIÇÕES GERAIS ESTADUAIS 2026";160002532853;5;"HTTPS://WWW.TIKTOK.COM/@CRISTINASILVESTRI"
"28/07/2026";"19:31:00";2026;"PR";2;"ELEIÇÃO ORDINÁRIA";6259;"ELEIÇÕES GERAIS ESTADUAIS 2026";160002532854;2;"HTTPS://WWW.INSTAGRAM.COM/DANIZIOBER?IGSH=MTL1EXDJEWL2MJA0NQ%3D%3D&UTM_SOURCE=QR"
"28/07/2026";"19:31:00";2026;"PR";2;"ELEIÇÃO ORDINÁRIA";6259;"ELEIÇÕES GERAIS ESTADUAIS 2026";160002532854;3;"HTTPS://WWW.FACEBOOK.COM/SHARE/17XNNUQWFZ/?MIBEXTID=WWXIFR"
"28/07/2026";"19:31:00";2026;"PR";2;"ELEIÇÃO ORDINÁRIA";6259;"ELEIÇÕES GERAIS ESTADUAIS 2026";160002532854;1;"HTTPS://WWW.FACEBOOK.COM/SHARE/17XNNUQWFZ/?MIBEXTID=WWXIFR"
"28/07/2026";"19:31:00";2026;"PR";2;"ELEIÇÃO ORDINÁRIA";6259;"ELEIÇÕES GERAIS ESTADUAIS 2026";160002532855;2;"HTTPS://WWW.TIKTOK.COM/@LUISACANZIANI?_R=1&_T=ZS-985EMUTCJ0C TIKTOK"
"28/07/2026";"19:31:00";2026;"PR";2;"ELEIÇÃO ORDINÁRIA";6259;"ELEIÇÕES GERAIS ESTADUAIS 2026";160002532855;1;"HTTPS://WWW.INSTAGRAM.COM/LUISA_CANZIANI?IGSH=EHA5AJLJCGGZA3FJ&UTM_SOURCE=QR   I"
"28/07/2026";"19:31:00";2026;"PR";2;"ELEIÇÃO ORDINÁRIA";6259;"ELEIÇÕES GERAIS ESTADUAIS 2026";160002532855;3;"HTTPS://WWW.FACEBOOK.COM/@CANZIANILUISA/?HR=1&WTSID=RDR_0O0L5OAHJRAEHYBFP FACEBO"
"28/07/2026";"19:31:00";2026;"PR";2;"ELEIÇÃO ORDINÁRIA";6259;"ELEIÇÕES GERAIS ESTADUAIS 2026";160002532855;5;"HTTPS://WWW.THREADS.COM/@LUISA_CANZIANI?HL=PT-BR THREAD"
"28/07/2026";"19:31:00";2026;"PR";2;"ELEIÇÃO ORDINÁRIA";6259;"ELEIÇÕES GERAIS ESTADUAIS 2026";160002532855;6;"HTTPS://WWW.YOUTUBE.COM/@LUISACANZIANIOFICIAL"
"28/07/2026";"19:31:00";2026;"PR";2;"ELEIÇÃO ORDINÁRIA";6259;"ELEIÇÕES GERAIS ESTADUAIS 2026";160002532855;4;"HTTPS://X.COM/LUISA_CANZIANI?S=11  X"
"28/07/2026";"19:31:00";2026;"PR";2;"ELEIÇÃO ORDINÁRIA";6259;"ELEIÇÕES GERAIS ESTADUAIS 2026";160002532856;3;"WWW.MARCELOBELINATI.COM.BR"
"28/07/2026";"19:31:00";2026;"PR";2;"ELEIÇÃO ORDINÁRIA";6259;"ELEIÇÕES GERAIS ESTADUAIS 2026";160002532856;2;"WWW.TIKTOK.COM/@MARCELOBELINATI"
"28/07/2026";"19:31:00";2026;"PR";2;"ELEIÇÃO ORDINÁRIA";6259;"ELEIÇÕES GERAIS ESTADUAIS 2026";160002532856;1;"WWW.FACEBOOK.COM/MARCELOBELINATIOFICIAL"
"28/07/2026";"19:31:00";2026;"PR";2;"ELEIÇÃO ORDINÁRIA";6259;"ELEIÇÕES GERAIS ESTADUAIS 2026";160002532856;5;"WWW.FACEBOOK.COM/MARCELOBELINATI"
"28/07/2026";"19:31:00";2026;"PR";2;"ELEIÇÃO ORDINÁRIA";6259;"ELEIÇÕES GERAIS ESTADUAIS 2026";160002532856;6;"INSTAGRAM.COM/MARCELOBELINATI"
"28/07/2026";"19:31:00";2026;"PR";2;"ELEIÇÃO ORDINÁRIA";6259;"ELEIÇÕES GERAIS ESTADUAIS 2026";160002532856;4;"SHARE.GOOGLE/YH6PHTLDGUZTFGPBV"
"28/07/2026";"19:31:00";2026;"PR";2;"ELEIÇÃO ORDINÁRIA";6259;"ELEIÇÕES GERAIS ESTADUAIS 2026";160002532857;2;"HTTPS://WWW.INSTAGRAM.COM/RICARDOBARROS.OFICIAL/"
"28/07/2026";"19:31:00";2026;"PR";2;"ELEIÇÃO ORDINÁRIA";6259;"ELEIÇÕES GERAIS ESTADUAIS 2026";160002532857;1;"HTTPS://WWW.FACEBOOK.COM/RICARDOBARROSOFICIAL"
"28/07/2026";"19:31:00";2026;"PR";2;"ELEIÇÃO ORDINÁRIA";6259;"ELEIÇÕES GERAIS ESTADUAIS 2026";160002532856;7;"X.COM/MARCELOBELINATI"
"28/07/2026";"19:31:00";2026;"PR";2;"ELEIÇÃO ORDINÁRIA";6259;"ELEIÇÕES GERAIS ESTADUAIS 2026";160002532857;4;"HTTPS://X.COM/RICARDOBARROSPP"
"28/07/2026";"19:31:00";2026;"PR";2;"ELEIÇÃO ORDINÁRIA";6259;"ELEIÇÕES GERAIS ESTADUAIS 2026";160002532857;3;"HTTPS://LINKTR.EE/RICARDO_BARROS?UTM_SOURCE=IG&UTM_MEDIUM=SOCIAL&UTM_CONTENT=LIN"
"28/07/2026";"19:31:00";2026;"PR";2;"ELEIÇÃO ORDINÁRIA";6259;"ELEIÇÕES GERAIS ESTADUAIS 2026";160002532857;5;"HTTPS://WWW.FLICKR.COM/PHOTOS/RICARDOBARROSOFICIAL/ALBUMS/"
"28/07/2026";"19:31:00";2026;"PR";2;"ELEIÇÃO ORDINÁRIA";6259;"ELEIÇÕES GERAIS ESTADUAIS 2026";160002532857;6;"HTTPS://WWW.YOUTUBE.COM/@RICARDOBARROSPP"
"28/07/2026";"19:31:00";2026;"PR";2;"ELEIÇÃO ORDINÁRIA";6259;"ELEIÇÕES GERAIS ESTADUAIS 2026";160002532857;7;"HTTPS://WWW.THREADS.COM/@RICARDOBARROS.OFICIAL?XMT=AQG0AKJMCVORSHOVYH1CMI_V4BJ86"
"28/07/2026";"19:31:00";2026;"PR";2;"ELEIÇÃO ORDINÁRIA";6259;"ELEIÇÕES GERAIS ESTADUAIS 2026";160002532857;8;"HTTPS://WWW.TIKTOK.COM/@RICARDOBARROS.OFICIAL"
"28/07/2026";"19:31:00";2026;"PR";2;"ELEIÇÃO ORDINÁRIA";6259;"ELEIÇÕES GERAIS ESTADUAIS 2026";160002532858;3;"WWW.TIAOMEDEIROS.COM.BR"
"28/07/2026";"19:31:00";2026;"PR";2;"ELEIÇÃO ORDINÁRIA";6259;"ELEIÇÕES GERAIS ESTADUAIS 2026";160002532858;1;"HTTPS://WWW.FACEBOOK.COM/TIAOMEDEIROSPR"
"28/07/2026";"19:31:00";2026;"PR";2;"ELEIÇÃO ORDINÁRIA";6259;"ELEIÇÕES GERAIS ESTADUAIS 2026";160002532858;2;"HTTPS://X.COM/TIAOMEDEIROS"
"28/07/2026";"19:31:00";2026;"PR";2;"ELEIÇÃO ORDINÁRIA";6259;"ELEIÇÕES GERAIS ESTADUAIS 2026";160002532858;6;"HTTPS://WWW.TIKTOK.COM/@TIAOMEDEIROSPR"
"28/07/2026";"19:31:00";2026;"PR";2;"ELEIÇÃO ORDINÁRIA";6259;"ELEIÇÕES GERAIS ESTADUAIS 2026";160002532858;4;"HTTPS://WWW.INSTAGRAM.COM/TIAOMEDEIROSPR"
"28/07/2026";"19:31:00";2026;"PR";2;"ELEIÇÃO ORDINÁRIA";6259;"ELEIÇÕES GERAIS ESTADUAIS 2026";160002532858;5;"HTTPS://WWW.YOUTUBE.COM/C/TIÃOMEDEIROSPR"
"28/07/2026";"19:31:00";2026;"PR";2;"ELEIÇÃO ORDINÁRIA";6259;"ELEIÇÕES GERAIS ESTADUAIS 2026";160002532859;1;"HTTPS://WWW.TIKTOK.COM/@PAULOLITRO5512"
"28/07/2026";"19:31:00";2026;"PR";2;"ELEIÇÃO ORDINÁRIA";6259;"ELEIÇÕES GERAIS ESTADUAIS 2026";160002532859;2;"HTTPS://WWW.INSTAGRAM.COM/PAULOLITRO/"
"28/07/2026";"19:31:00";2026;"PR";2;"ELEIÇÃO ORDINÁRIA";6259;"ELEIÇÕES GERAIS ESTADUAIS 2026";160002532859;3;"HTTPS://WWW.FACEBOOK.COM/DEPPAULOLITRO"
"28/07/2026";"19:31:00";2026;"PR";2;"ELEIÇÃO ORDINÁRIA";6259;"ELEIÇÕES GERAIS ESTADUAIS 2026";160002532859;6;"HTTPS://WWW.YOUTUBE.COM/@PAULOLITRO7611"
"28/07/2026";"19:31:00";2026;"PR";2;"ELEIÇÃO ORDINÁRIA";6259;"ELEIÇÕES GERAIS ESTADUAIS 2026";160002532859;4;"HTTPS://WWW.THREADS.COM/@PAULOLITRO"
"28/07/2026";"19:31:00";2026;"PR";2;"ELEIÇÃO ORDINÁRIA";6259;"ELEIÇÕES GERAIS ESTADUAIS 2026";160002532859;5;"HTTPS://X.COM/PAULO_LITRO"
"28/07/2026";"19:31:00";2026;"PR";2;"ELEIÇÃO ORDINÁRIA";6259;"ELEIÇÕES GERAIS ESTADUAIS 2026";160002532860;3;"HTTPS://WWW.FACEBOOK.COM/JACIARA.MELLO.810536/"
"28/07/2026";"19:31:00";2026;"PR";2;"ELEIÇÃO ORDINÁRIA";6259;"ELEIÇÕES GERAIS ESTADUAIS 2026";160002532860;2;"HTTPS://WWW.INSTAGRAM.COM/AJACIARANOVAES/"
"28/07/2026";"19:31:00";2026;"PR";2;"ELEIÇÃO ORDINÁRIA";6259;"ELEIÇÕES GERAIS ESTADUAIS 2026";160002532860;1;"HTTPS://WWW.TIKTOK.COM/@AJACIARANOVAES"
"28/07/2026";"19:31:00";2026;"PR";2;"ELEIÇÃO ORDINÁRIA";6259;"ELEIÇÕES GERAIS ESTADUAIS 2026";160002532861;2;"HTTPS://WWW.INSTAGRAM.COM/CEMMEFESMS/"
"28/07/2026";"19:31:00";2026;"PR";2;"ELEIÇÃO ORDINÁRIA";6259;"ELEIÇÕES GERAIS ESTADUAIS 2026";160002532860;4;"HTTPS://WWW.YOUTUBE.COM/@JACIARAMELLO"
"28/07/2026";"19:31:00";2026;"PR";2;"ELEIÇÃO ORDINÁRIA";6259;"ELEIÇÕES GERAIS ESTADUAIS 2026";160002532861;1;"HTTPS://WWW.INSTAGRAM.COM/DRCRISTINAVELOSO/"
"28/07/2026";"19:31:00";2026;"PR";2;"ELEIÇÃO ORDINÁRIA";6259;"ELEIÇÕES GERAIS ESTADUAIS 2026";160002532861;3;"HTTPS://WWW.INSTAGRAM.COM/DRACRISVELOSO/"
"28/07/2026";"19:31:00";2026;"PR";2;"ELEIÇÃO ORDINÁRIA";6259;"ELEIÇÕES GERAIS ESTADUAIS 2026";160002532861;5;"HTTPS://WWW.CEMMEFE.COM.BR/"
"28/07/2026";"19:31:00";2026;"PR";2;"ELEIÇÃO ORDINÁRIA";6259;"ELEIÇÕES GERAIS ESTADUAIS 2026";160002532861;4;"HTTPS://WWW.LINKEDIN.COM/IN/CRISTINA-VELOSO-60B6A822?ORIGINALSUBDOMAIN=BR"
"28/07/2026";"19:31:00";2026;"PR";2;"ELEIÇÃO ORDINÁRIA";6259;"ELEIÇÕES GERAIS ESTADUAIS 2026";160002532861;6;"HTTPS://WWW.FACEBOOK.COM/DRACRISTINAVELOSO/?LOCALE=PT_BR"
"28/07/2026";"19:31:00";2026;"PR";2;"ELEIÇÃO ORDINÁRIA";6259;"ELEIÇÕES GERAIS ESTADUAIS 2026";160002532861;8;"HTTPS://WWW.FACEBOOK.COM/CEMMEFE.SMS"
"28/07/2026";"19:31:00";2026;"PR";2;"ELEIÇÃO ORDINÁRIA";6259;"ELEIÇÕES GERAIS ESTADUAIS 2026";160002532861;7;"HTTPS://WWW.FACEBOOK.COM/DOUTORACRISTINAVELOSO"
"28/07/2026";"19:31:00";2026;"PR";2;"ELEIÇÃO ORDINÁRIA";6259;"ELEIÇÕES GERAIS ESTADUAIS 2026";160002532862;1;"HTTPS://WWW.INSTAGRAM.COM/FLAVIOFERRARI_TV?IGSH=ZDH3NHQXDZU2A20X"
"28/07/2026";"19:31:00";2026;"PR";2;"ELEIÇÃO ORDINÁRIA";6259;"ELEIÇÕES GERAIS ESTADUAIS 2026";160002532862;2;"HTTPS://WWW.FACEBOOK.COM/FLAVIO.FERRARI.224069?RDID=EVC0PCOVDAS3UXN7&SHARE_URL=H"
"28/07/2026";"19:31:00";2026;"PR";2;"ELEIÇÃO ORDINÁRIA";6259;"ELEIÇÕES GERAIS ESTADUAIS 2026";160002532861;9;"HTTPS://X.COM/DRCRISVELOSO"
"28/07/2026";"19:31:00";2026;"PR";2;"ELEIÇÃO ORDINÁRIA";6259;"ELEIÇÕES GERAIS ESTADUAIS 2026";160002532862;5;"HTTPS://WWW.FACEBOOK.COM/SHARE/1EVCECSDKI/"
"28/07/2026";"19:31:00";2026;"PR";2;"ELEIÇÃO ORDINÁRIA";6259;"ELEIÇÕES GERAIS ESTADUAIS 2026";160002532862;3;"HTTPS://WWW.FACEBOOK.COM/SHARE/1DCWQQKFKZ/"
"28/07/2026";"19:31:00";2026;"PR";2;"ELEIÇÃO ORDINÁRIA";6259;"ELEIÇÕES GERAIS ESTADUAIS 2026";160002532862;4;"HTTPS://WWW.TIKTOK.COM/@FLAVIOFERRARITV?_R=1&_T=ZS-983Q78OEFUY"
"28/07/2026";"19:31:00";2026;"PR";2;"ELEIÇÃO ORDINÁRIA";6259;"ELEIÇÕES GERAIS ESTADUAIS 2026";160002532863;1;"HTTPS://WWW.INSTAGRAM.COM/DIEGOGARCIAPARANA/"
"28/07/2026";"19:31:00";2026;"PR";2;"ELEIÇÃO ORDINÁRIA";6259;"ELEIÇÕES GERAIS ESTADUAIS 2026";160002532862;6;"HTTPS://WWW.FACEBOOK.COM/SHARE/194P9DGGSB/"
"28/07/2026";"19:31:00";2026;"PR";2;"ELEIÇÃO ORDINÁRIA";6259;"ELEIÇÕES GERAIS ESTADUAIS 2026";160002532862;7;"HTTPS://VT.TIKTOK.COM/ZSXSJFGL6/"
"28/07/2026";"19:31:00";2026;"PR";2;"ELEIÇÃO ORDINÁRIA";6259;"ELEIÇÕES GERAIS ESTADUAIS 2026";160002532863;3;"HTTPS://WWW.TIKTOK.COM/@DIEGOGARCIAPR?_R=1&_T=ZS-98IOTDNDG2Q"
"28/07/2026";"19:31:00";2026;"PR";2;"ELEIÇÃO ORDINÁRIA";6259;"ELEIÇÕES GERAIS ESTADUAIS 2026";160002532863;4;"HTTPS://X.COM/DIEGOGARCIAPR"
"28/07/2026";"19:31:00";2026;"PR";2;"ELEIÇÃO ORDINÁRIA";6259;"ELEIÇÕES GERAIS ESTADUAIS 2026";160002532863;2;"HTTPS://WWW.FACEBOOK.COM/DIEGOGARCIAPARANA?LOCALE=PT_BR"
"28/07/2026";"19:31:00";2026;"PR";2;"ELEIÇÃO ORDINÁRIA";6259;"ELEIÇÕES GERAIS ESTADUAIS 2026";160002532863;5;"HTTPS://WWW.FACEBOOK.COM/DIEGOGARCIAPR"
"28/07/2026";"19:31:00";2026;"PR";2;"ELEIÇÃO ORDINÁRIA";6259;"ELEIÇÕES GERAIS ESTADUAIS 2026";160002532863;6;"HTTPS://WWW.YOUTUBE.COM/@DIEGOGARCIAPR"
"28/07/2026";"19:31:00";2026;"PR";2;"ELEIÇÃO ORDINÁRIA";6259;"ELEIÇÕES GERAIS ESTADUAIS 2026";160002532864;1;"HTTPS://WWW.INSTAGRAM.COM/FATIMACLARONUNES/"
"28/07/2026";"19:31:00";2026;"PR";2;"ELEIÇÃO ORDINÁRIA";6259;"ELEIÇÕES GERAIS ESTADUAIS 2026";160002532866;1;"HTTPS://WWW.FACEBOOK.COM/SHARE/1BYQORBRYA/"
"28/07/2026";"19:31:00";2026;"PR";2;"ELEIÇÃO ORDINÁRIA";6259;"ELEIÇÕES GERAIS ESTADUAIS 2026";160002532865;2;"HTTPS://WWW.FACEBOOK.COM/EMERSONF.FRANCA?LOCALE=PT_BR"
"28/07/2026";"19:31:00";2026;"PR";2;"ELEIÇÃO ORDINÁRIA";6259;"ELEIÇÕES GERAIS ESTADUAIS 2026";160002532865;1;"HTTPS://WWW.INSTAGRAM.COM/EMERSONFRANCA2025/"
"28/07/2026";"19:31:00";2026;"PR";2;"ELEIÇÃO ORDINÁRIA";6259;"ELEIÇÕES GERAIS ESTADUAIS 2026";160002532866;2;"HTTPS://WWW.FACEBOOK.COM/SHARE/1DYERYUSCD/"
"28/07/2026";"19:31:00";2026;"PR";2;"ELEIÇÃO ORDINÁRIA";6259;"ELEIÇÕES GERAIS ESTADUAIS 2026";160002532866;4;"WWW.NAIANYHRUSCHKA.COM.BR"
"28/07/2026";"19:31:00";2026;"PR";2;"ELEIÇÃO ORDINÁRIA";6259;"ELEIÇÕES GERAIS ESTADUAIS 2026";160002532866;3;"HTTPS://WWW.INSTAGRAM.COM/NAIANYHRUSCHKA?IGSH=MXCZEWGWOXK0ZMPVBQ=="
"28/07/2026";"19:31:00";2026;"PR";2;"ELEIÇÃO ORDINÁRIA";6259;"ELEIÇÕES GERAIS ESTADUAIS 2026";160002532866;6;"HTTPS://WWW.THREADS.COM/@NAIANYHRUSCHKA"
"28/07/2026";"19:31:00";2026;"PR";2;"ELEIÇÃO ORDINÁRIA";6259;"ELEIÇÕES GERAIS ESTADUAIS 2026";160002532866;5;"HTTPS://VT.TIKTOK.COM/ZSXH9RCD5/"
"28/07/2026";"19:31:00";2026;"PR";2;"ELEIÇÃO ORDINÁRIA";6259;"ELEIÇÕES GERAIS ESTADUAIS 2026";160002532867;1;"HTTPS://WWW.FACEBOOK.COM/SHARE/1DPZSYB2DK/?MIBEXTID=WWXIFR"
"28/07/2026";"19:31:00";2026;"PR";2;"ELEIÇÃO ORDINÁRIA";6259;"ELEIÇÕES GERAIS ESTADUAIS 2026";160002532868;1;"HTTPS://WWW.FACEBOOK.COM/SHARE/1866T41RHG/?MIBEXTID=WWXIFR"
"28/07/2026";"19:31:00";2026;"PR";2;"ELEIÇÃO ORDINÁRIA";6259;"ELEIÇÕES GERAIS ESTADUAIS 2026";160002532868;2;"HTTPS://WWW.INSTAGRAM.COM/SOLDADOGERSON?IGSH=MWM3DNLRDTCXNWZYEG=="
"28/07/2026";"19:31:00";2026;"PR";2;"ELEIÇÃO ORDINÁRIA";6259;"ELEIÇÕES GERAIS ESTADUAIS 2026";160002532867;2;"HTTPS://WWW.INSTAGRAM.COM/P/DASATA3JV42/"
"28/07/2026";"19:31:00";2026;"PR";2;"ELEIÇÃO ORDINÁRIA";6259;"ELEIÇÕES GERAIS ESTADUAIS 2026";160002532868;5;"HTTPS://WWW.THREADS.COM/@SOLDADOGERSON?IGSHID=NTC4MTIWNJQ2YQ=="
"28/07/2026";"19:31:00";2026;"PR";2;"ELEIÇÃO ORDINÁRIA";6259;"ELEIÇÕES GERAIS ESTADUAIS 2026";160002532868;4;"HTTPS://K.KWAI.COM/U/@SOLDADOGERSON/WCE35XGU"
"28/07/2026";"19:31:00";2026;"PR";2;"ELEIÇÃO ORDINÁRIA";6259;"ELEIÇÕES GERAIS ESTADUAIS 2026";160002532868;3;"HTTPS://WWW.FACEBOOK.COM/SHARE/1BEQKWAVMT/?MIBEXTID=WWXIFR"
"28/07/2026";"19:31:00";2026;"PR";2;"ELEIÇÃO ORDINÁRIA";6259;"ELEIÇÕES GERAIS ESTADUAIS 2026";160002532868;6;"HTTPS://WWW.TIKTOK.COM/@SOLDADOGERSON?_R=1&_T=ZS-98HPVLIAYOB"
"28/07/2026";"19:31:00";2026;"PR";2;"ELEIÇÃO ORDINÁRIA";6259;"ELEIÇÕES GERAIS ESTADUAIS 2026";160002532868;8;"HTTPS://WWW.INSTAGRAM.COM/SOLDADOGERSONRESERVA?IGSH=ZNY1OXP0DND6MXZ4"
"28/07/2026";"19:31:00";2026;"PR";2;"ELEIÇÃO ORDINÁRIA";6259;"ELEIÇÕES GERAIS ESTADUAIS 2026";160002532868;7;"HTTPS://WA.ME/MESSAGE/YFLJSU3JLC4RB1"
"28/07/2026";"19:31:00";2026;"PR";2;"ELEIÇÃO ORDINÁRIA";6259;"ELEIÇÕES GERAIS ESTADUAIS 2026";160002532869;3;"HTTPS://WWW.TIKTOK.COM/@PATINSEMCURITIBA?_T=8OHSU0CBZEN&_R=1"
"28/07/2026";"19:31:00";2026;"PR";2;"ELEIÇÃO ORDINÁRIA";6259;"ELEIÇÕES GERAIS ESTADUAIS 2026";160002532869;2;"HTTPS://WWW.FACEBOOK.COM/ALEXANDREROLLERSKATEECO?MIBEXTID=LQQJ4D"
"28/07/2026";"19:31:00";2026;"PR";2;"ELEIÇÃO ORDINÁRIA";6259;"ELEIÇÕES GERAIS ESTADUAIS 2026";160002532869;1;"HTTPS://WWW.THREADS.NET/@ALEXANDREROLLERCWB?IGSHID=MZRLODBINWFLZA=="
"28/07/2026";"19:31:00";2026;"PR";2;"ELEIÇÃO ORDINÁRIA";6259;"ELEIÇÕES GERAIS ESTADUAIS 2026";160002532869;4;"HTTPS://WWW.INSTAGRAM.COM/ALEXANDREROLLERCWB?IGSH=EXVIN3PYOXMYZXIX"
"28/07/2026";"19:31:00";2026;"PR";2;"ELEIÇÃO ORDINÁRIA";6259;"ELEIÇÕES GERAIS ESTADUAIS 2026";160002532870;1;"@MARCELODALNEGRO"
"28/07/2026";"19:31:00";2026;"PR";2;"ELEIÇÃO ORDINÁRIA";6259;"ELEIÇÕES GERAIS ESTADUAIS 2026";160002532870;2;"HTTPS://WWW.FACEBOOK.COM/SHARE/1EJNQWBWWI/?MIBEXTID=WWXIFR"
"28/07/2026";"19:31:00";2026;"PR";2;"ELEIÇÃO ORDINÁRIA";6259;"ELEIÇÕES GERAIS ESTADUAIS 2026";160002532871;1;"HTTPS://WWW.TIKTOK.COM/@ELIS.SALDIVAR?_R=1&_T=ZS-985IMDBCPJP"
"28/07/2026";"19:31:00";2026;"PR";2;"ELEIÇÃO ORDINÁRIA";6259;"ELEIÇÕES GERAIS ESTADUAIS 2026";160002532871;2;"HTTPS://WWW.INSTAGRAM.COM/ELISSALDIVAR?IGSH=ZM1ROXVIDTV1BNF3"
"28/07/2026";"19:31:00";2026;"PR";2;"ELEIÇÃO ORDINÁRIA";6259;"ELEIÇÕES GERAIS ESTADUAIS 2026";160002532871;3;"HTTPS://WWW.FACEBOOK.COM/SHARE/1813G9O2W3/?MIBEXTID=WWXIF"
"28/07/2026";"19:31:00";2026;"PR";2;"ELEIÇÃO ORDINÁRIA";6259;"ELEIÇÕES GERAIS ESTADUAIS 2026";160002532872;1;"HTTPS://WWW.INSTAGRAM.COM/SANTINROVEDA/"
"28/07/2026";"19:31:00";2026;"PR";2;"ELEIÇÃO ORDINÁRIA";6259;"ELEIÇÕES GERAIS ESTADUAIS 2026";160002532872;2;"HTTPS://WWW.YOUTUBE.COM/@SANTINROVEDA"
"28/07/2026";"19:31:00";2026;"PR";2;"ELEIÇÃO ORDINÁRIA";6259;"ELEIÇÕES GERAIS ESTADUAIS 2026";160002532871;4;"HTTPS://WWW.FACEBOOK.COM/SHARE/1GIJ5HKFCM/"
"28/07/2026";"19:31:00";2026;"PR";2;"ELEIÇÃO ORDINÁRIA";6259;"ELEIÇÕES GERAIS ESTADUAIS 2026";160002532872;4;"HTTPS://X.COM/SANTINROVEDA"
"28/07/2026";"19:31:00";2026;"PR";2;"ELEIÇÃO ORDINÁRIA";6259;"ELEIÇÕES GERAIS ESTADUAIS 2026";160002532872;5;"HTTPS://WEB.FACEBOOK.COM/SANTIN.ROVEDA/?LOCALE=PT_BR&_RDC=1&_RDR#"
"28/07/2026";"19:31:00";2026;"PR";2;"ELEIÇÃO ORDINÁRIA";6259;"ELEIÇÕES GERAIS ESTADUAIS 2026";160002532872;3;"HTTPS://WWW.TIKTOK.COM/@SANTINROVEDAOFICIAL"
"28/07/2026";"19:31:00";2026;"PR";2;"ELEIÇÃO ORDINÁRIA";6259;"ELEIÇÕES GERAIS ESTADUAIS 2026";160002532873;2;"HTTPS://WWW.INSTAGRAM.COM/EMANUELCAVALAR?IGSH=CWM0NWQWDZH4CZNU&UTM_SOURCE=QR"
"28/07/2026";"19:31:00";2026;"PR";2;"ELEIÇÃO ORDINÁRIA";6259;"ELEIÇÕES GERAIS ESTADUAIS 2026";160002532873;1;"HTTPS://X.COM/CAVALAREMANUEL?S=11"
"28/07/2026";"19:31:00";2026;"PR";2;"ELEIÇÃO ORDINÁRIA";6259;"ELEIÇÕES GERAIS ESTADUAIS 2026";160002532873;3;"HTTPS://WWW.TIKTOK.COM/@EMANUEL.CAVALAR?_R=1&_T=ZS-98IM4MF8EO6"
"28/07/2026";"19:31:00";2026;"PR";2;"ELEIÇÃO ORDINÁRIA";6259;"ELEIÇÕES GERAIS ESTADUAIS 2026";160002532873;5;"HTTPS://WWW.FACEBOOK.COM/SHARE/19PMDKZTHU/?MIBEXTID=WWXIFR"
"28/07/2026";"19:31:00";2026;"PR";2;"ELEIÇÃO ORDINÁRIA";6259;"ELEIÇÕES GERAIS ESTADUAIS 2026";160002532873;4;"HTTPS://WWW.THREADS.COM/@EMANUELCAVALAR?IGSHID=NTC4MTIWNJQ2YQ=="
"28/07/2026";"19:31:00";2026;"PR";2;"ELEIÇÃO ORDINÁRIA";6259;"ELEIÇÕES GERAIS ESTADUAIS 2026";160002532874;1;"HTTPS://WWW.INSTAGRAM.COM/DILCEUSPERAFICO/"
"28/07/2026";"19:31:00";2026;"PR";2;"ELEIÇÃO ORDINÁRIA";6259;"ELEIÇÕES GERAIS ESTADUAIS 2026";160002532874;4;"HTTPS://WWW.FACEBOOK.COM/DILCEUSPERAFICO"
"28/07/2026";"19:31:00";2026;"PR";2;"ELEIÇÃO ORDINÁRIA";6259;"ELEIÇÕES GERAIS ESTADUAIS 2026";160002532874;2;"HTTPS://WWW.TIKTOK.COM/@DILCEU.SPERAFICO"
"28/07/2026";"19:31:00";2026;"PR";2;"ELEIÇÃO ORDINÁRIA";6259;"ELEIÇÕES GERAIS ESTADUAIS 2026";160002532874;3;"HTTPS://WWW.FACEBOOK.COM/DEPSPERAFICO"
"28/07/2026";"19:31:00";2026;"PR";2;"ELEIÇÃO ORDINÁRIA";6259;"ELEIÇÕES GERAIS ESTADUAIS 2026";160002532875;1;"HTTPS://FACEBOOK.COM/JOCELITO.CANTO08"
"28/07/2026";"19:31:00";2026;"PR";2;"ELEIÇÃO ORDINÁRIA";6259;"ELEIÇÕES GERAIS ESTADUAIS 2026";160002532875;2;"HTTPS://WWW.THREADS.COM/@JOCELITOCANTO?IGSHID=NTC4MTIWNJQ2YQ=="
"28/07/2026";"19:31:00";2026;"PR";2;"ELEIÇÃO ORDINÁRIA";6259;"ELEIÇÕES GERAIS ESTADUAIS 2026";160002532874;5;"HTTPS://WWW.INSTAGRAM.COM/DILCEUSPERAFICO/"
"28/07/2026";"19:31:00";2026;"PR";2;"ELEIÇÃO ORDINÁRIA";6259;"ELEIÇÕES GERAIS ESTADUAIS 2026";160002532875;4;"HTTPS://X.COM/CANTOJOCELITO?S=20"
"28/07/2026";"19:31:00";2026;"PR";2;"ELEIÇÃO ORDINÁRIA";6259;"ELEIÇÕES GERAIS ESTADUAIS 2026";160002532875;5;"HTTPS://WWW.INSTAGRAM.COM/JOCELITOCANTO?IGSH=MTD3NZQYOTNVD2VXCQ=="
"28/07/2026";"19:31:00";2026;"PR";2;"ELEIÇÃO ORDINÁRIA";6259;"ELEIÇÕES GERAIS ESTADUAIS 2026";160002532875;3;"HTTPS://WWW.TIKTOK.COM/@JOCELITOCANTOOFICIAL?_R=1&_T=ZS-97Q2LT0CMRY"
"28/07/2026";"19:31:00";2026;"PR";2;"ELEIÇÃO ORDINÁRIA";6259;"ELEIÇÕES GERAIS ESTADUAIS 2026";160002532876;3;"HTTPS://WWW.FACEBOOK.COM/PROFILE.PHP?ID=61559838997647&MIBEXTID=WWXIFR&RDID=IIDM"
"28/07/2026";"19:31:00";2026;"PR";2;"ELEIÇÃO ORDINÁRIA";6259;"ELEIÇÕES GERAIS ESTADUAIS 2026";160002532876;2;"HTTPS://WWW.INSTAGRAM.COM/GERALDOMENDESOFICIAL?IGSH=MTM2OTFYCXQ0AGNQAA=="
"28/07/2026";"19:31:00";2026;"PR";2;"ELEIÇÃO ORDINÁRIA";6259;"ELEIÇÕES GERAIS ESTADUAIS 2026";160002532876;1;"HTTPS://WWW.TIKTOK.COM/@GERALDOMENDESOFICIAL?_R=1&_T=ZS-987CZDBXUIB"
"28/07/2026";"19:31:00";2026;"PR";2;"ELEIÇÃO ORDINÁRIA";6259;"ELEIÇÕES GERAIS ESTADUAIS 2026";160002532877;2;"HTTPS://X.COM/MARISALOBOREAL"
"28/07/2026";"19:31:00";2026;"PR";2;"ELEIÇÃO ORDINÁRIA";6259;"ELEIÇÕES GERAIS ESTADUAIS 2026";160002532876;4;"HTTPS://WWW.FACEBOOK.COM/GERALDOMENDESOFICIAL?MIBEXTID=WWXIFR&RDID=UCGF54OOMUSCV"
"28/07/2026";"19:31:00";2026;"PR";2;"ELEIÇÃO ORDINÁRIA";6259;"ELEIÇÕES GERAIS ESTADUAIS 2026";160002532877;1;"HTTPS://WWW.TIKTOK.COM/@MARISA_LOBOPSIC?_R=1&_T=ZS-98ISMSUISFZ"
"28/07/2026";"19:31:00";2026;"PR";2;"ELEIÇÃO ORDINÁRIA";6259;"ELEIÇÕES GERAIS ESTADUAIS 2026";160002532877;5;"HTTPS://WWW.FACEBOOK.COM/MARISALOBO?RDID=E8DN6GKQNHUZ72RR&SHARE_URL=HTTPS%3A%2F%"
"28/07/2026";"19:31:00";2026;"PR";2;"ELEIÇÃO ORDINÁRIA";6259;"ELEIÇÕES GERAIS ESTADUAIS 2026";160002532877;4;"HTTPS://WWW.INSTAGRAM.COM/MARISA_LOBO?IGSH=MW9JCWT3BWZ6CJNZYQ=="
"28/07/2026";"19:31:00";2026;"PR";2;"ELEIÇÃO ORDINÁRIA";6259;"ELEIÇÕES GERAIS ESTADUAIS 2026";160002532877;3;"HTTPS://X.COM/MARISA_LOBO"
"28/07/2026";"19:31:00";2026;"PR";2;"ELEIÇÃO ORDINÁRIA";6259;"ELEIÇÕES GERAIS ESTADUAIS 2026";160002532877;6;"HTTPS://YOUTUBE.COM/@MARISALOBOFALA?SI=XARQN6ERZ-PAFVZY"
"28/07/2026";"19:31:00";2026;"PR";2;"ELEIÇÃO ORDINÁRIA";6259;"ELEIÇÕES GERAIS ESTADUAIS 2026";160002532877;7;"HTTPS://WWW.THREADS.COM/@MARISA_LOBO"
"28/07/2026";"19:31:00";2026;"PR";2;"ELEIÇÃO ORDINÁRIA";6259;"ELEIÇÕES GERAIS ESTADUAIS 2026";160002532877;8;"HTTPS://WWW.FACEBOOK.COM/MARCHADAFAMILIAPARANA?RDID=WYKEMAIUOZLBXEJX&SHARE_URL=H"
"28/07/2026";"19:31:00";2026;"PR";2;"ELEIÇÃO ORDINÁRIA";6259;"ELEIÇÕES GERAIS ESTADUAIS 2026";160002532877;10;"HTTPS://WWW.FACEBOOK.COM/MARISALOBOFAMILIA?RDID=FWBJHWDF0RFKRYLY&SHARE_URL=HTTPS"
"28/07/2026";"19:31:00";2026;"PR";2;"ELEIÇÃO ORDINÁRIA";6259;"ELEIÇÕES GERAIS ESTADUAIS 2026";160002532877;9;"HTTPS://WWW.FACEBOOK.COM/NARRATIVASPODCAST?RDID=QJKNKJLFYF5SW8TG&SHARE_URL=HTTPS"
"28/07/2026";"19:31:00";2026;"PR";2;"ELEIÇÃO ORDINÁRIA";6259;"ELEIÇÕES GERAIS ESTADUAIS 2026";160002532878;1;"HTTPS://WWW.TIKTOK.COM/@DELEGADO.MATHEUSLAIOLA"
"28/07/2026";"19:31:00";2026;"PR";2;"ELEIÇÃO ORDINÁRIA";6259;"ELEIÇÕES GERAIS ESTADUAIS 2026";160002532878;4;"HTTPS://WWW.INSTAGRAM.COM/DELEGADO.MATHEUSLAIOLA/?HL=PT-BR"
"28/07/2026";"19:31:00";2026;"PR";2;"ELEIÇÃO ORDINÁRIA";6259;"ELEIÇÕES GERAIS ESTADUAIS 2026";160002532878;2;"HTTPS://WWW.YOUTUBE.COM/@DELEGADOMATHEUSLAIOLA"
"28/07/2026";"19:31:00";2026;"PR";2;"ELEIÇÃO ORDINÁRIA";6259;"ELEIÇÕES GERAIS ESTADUAIS 2026";160002532878;3;"HTTPS://WWW.KWAI.COM/@USER_167197292335"
"28/07/2026";"19:31:00";2026;"PR";2;"ELEIÇÃO ORDINÁRIA";6259;"ELEIÇÕES GERAIS ESTADUAIS 2026";160002532878;5;"HTTPS://WWW.FACEBOOK.COM/DELEGADOMATHEUSLAIOLA/?LOCALE=PT_BR"
"28/07/2026";"19:31:00";2026;"PR";2;"ELEIÇÃO ORDINÁRIA";6259;"ELEIÇÕES GERAIS ESTADUAIS 2026";160002532878;6;"HTTPS://X.COM/MATHEUSLAIOLA"
"28/07/2026";"19:31:00";2026;"PR";2;"ELEIÇÃO ORDINÁRIA";6259;"ELEIÇÕES GERAIS ESTADUAIS 2026";160002532878;7;"HTTPS://DELEGADOMATHEUSLAIOLA.COM.BR/"
"28/07/2026";"19:31:00";2026;"PR";2;"ELEIÇÃO ORDINÁRIA";6259;"ELEIÇÕES GERAIS ESTADUAIS 2026";160002532879;2;"HTTPS://WWW.FACEBOOK.COM/JOSE.RENATO.35912?RDID=BUOKGTU60RVV7RP1&SHARE_URL=HTTPS"
"28/07/2026";"19:31:00";2026;"PR";2;"ELEIÇÃO ORDINÁRIA";6259;"ELEIÇÕES GERAIS ESTADUAIS 2026";160002532879;1;"HTTPS://WWW.INSTAGRAM.COM/PR_JOSERENATO?IGSH=MXD5ENF1AXLYB2JUEQ=="
